en-US,en-US_tags,en-US_source_type,en-US_collection_id,es,es_tags,es_source_type,es_collection_id,fr,fr_tags,fr_source_type,fr_collection_id,ja,ja_tags,ja_source_type,ja_collection_id,nan-TW,nan-TW_tags,nan-TW_source_type,nan-TW_collection_id,yue-HK,yue-HK_tags,yue-HK_source_type,yue-HK_collection_id,zh-CN,zh-CN_tags,zh-CN_source_type,zh-CN_collection_id,zh-TW,zh-TW_tags,zh-TW_source_type,zh-TW_collection_id
Add to Collection,collections.addToCollection,ai,1000000,Añadir a la colección,collections.addToCollection,ai,1000000,Ajouter à la collection,collections.addToCollection,ai,1000000,コレクションに追加,collections.addToCollection,ai,1000000,加到收藏,collections.addToCollection,ai,1000000,加入收藏,collections.addToCollection,ai,1000000,添加到收藏集,collections.addToCollection,ai,1000000,加入到收藏,collections.addToCollection,ai,1000000
Back to Collections,collections.back,ai,1000000,Volver a Colecciones,collections.back,ai,1000000,Retour aux collections,collections.back,ai,1000000,コレクションに戻る,collections.back,ai,1000000,倒轉去收藏,collections.back,ai,1000000,返回收藏,collections.back,ai,1000000,返回收藏列表,collections.back,ai,1000000,返回收藏列表,collections.back,ai,1000000
Browse expressions to add,collections.browseExpressions,ai,1000000,Explorar expresiones para añadir,collections.browseExpressions,ai,1000000,Parcourir les expressions à ajouter,collections.browseExpressions,ai,1000000,追加する表現を閲覧,collections.browseExpressions,ai,1000000,瀏覽語詞來加入,collections.browseExpressions,ai,1000000,瀏覽詞句加入,collections.browseExpressions,ai,1000000,去搜索并添加表达式,collections.browseExpressions,ai,1000000,去搜尋並增加表達式,collections.browseExpressions,ai,1000000
Create New Collection,collections.createNew,ai,1000000,Crear nueva colección,collections.createNew,ai,1000000,Créer une nouvelle collection,collections.createNew,ai,1000000,新しいコレクションを作成,collections.createNew,ai,1000000,建立新收藏,collections.createNew,ai,1000000,建立新收藏,collections.createNew,ai,1000000,+ 创建新收藏集,collections.createNew,ai,1000000,建立新收藏,collections.createNew,ai,1000000
New Collection,collections.createTitle,ai,1000000,Nueva colección,collections.createTitle,ai,1000000,Nouvelle collection,collections.createTitle,ai,1000000,新しいコレクション,collections.createTitle,ai,1000000,新收藏,collections.createTitle,ai,1000000,新收藏,collections.createTitle,ai,1000000,新建收藏集,collections.createTitle,ai,1000000,新建收藏集,collections.createTitle,ai,1000000
Created on,collections.createdOn,ai,1000000,Creado el,collections.createdOn,ai,1000000,Créé le,collections.createdOn,ai,1000000,作成日,collections.createdOn,ai,1000000,建立佇,collections.createdOn,ai,1000000,建立喺,collections.createdOn,ai,1000000,创建于,collections.createdOn,ai,1000000,建立於,collections.createdOn,ai,1000000
Delete Collection,collections.delete,ai,1000000,Eliminar colección,collections.delete,ai,1000000,Supprimer la collection,collections.delete,ai,1000000,コレクションを削除,collections.delete,ai,1000000,刪除收藏,collections.delete,ai,1000000,刪除收藏,collections.delete,ai,1000000,删除收藏集,collections.delete,ai,1000000,刪除收藏,collections.delete,ai,1000000
Are you sure you want to delete this collection?,collections.deleteConfirm,ai,1000000,¿Estás seguro de que quieres eliminar esta colección?,collections.deleteConfirm,ai,1000000,Êtes-vous sûr de vouloir supprimer cette collection ?,collections.deleteConfirm,ai,1000000,本当にこのコレクションを削除しますか？,collections.deleteConfirm,ai,1000000,汝確定欲刪掉這个收藏？,collections.deleteConfirm,ai,1000000,你確定要刪除呢個收藏？,collections.deleteConfirm,ai,1000000,您确定要删除这个收藏集吗？,collections.deleteConfirm,ai,1000000,您確定要刪除此收藏嗎？,collections.deleteConfirm,ai,1000000
What is this collection about?,collections.descPlaceholder,ai,1000000,¿De qué trata esta colección?,collections.descPlaceholder,ai,1000000,De quoi parle cette collection ?,collections.descPlaceholder,ai,1000000,このコレクションについて何ですか？,collections.descPlaceholder,ai,1000000,這個收藏是關於啥物？,collections.descPlaceholder,ai,1000000,呢個收藏係關於咩？,collections.descPlaceholder,ai,1000000,这个收藏集是关于什么的？,collections.descPlaceholder,ai,1000000,這個收藏集是關於什麼的？,collections.descPlaceholder,ai,1000000
Description,collections.description,ai,1000000,Descripción,collections.description,ai,1000000,Description,collections.description,ai,1000000,説明,collections.description,ai,1000000,說明,collections.description,ai,1000000,說明,collections.description,ai,1000000,描述,collections.description,ai,1000000,描述,collections.description,ai,1000000
Edit Collection,collections.editTitle,ai,1000000,Editar colección,collections.editTitle,ai,1000000,Modifier la collection,collections.editTitle,ai,1000000,コレクションを編集,collections.editTitle,ai,1000000,編輯收藏,collections.editTitle,ai,1000000,編輯收藏,collections.editTitle,ai,1000000,编辑收藏集,collections.editTitle,ai,1000000,編輯收藏集,collections.editTitle,ai,1000000
This collection is empty,collections.empty,ai,1000000,Esta colección está vacía,collections.empty,ai,1000000,Cette collection est vide,collections.empty,ai,1000000,このコレクションは空です,collections.empty,ai,1000000,這个收藏是空个,collections.empty,ai,1000000,呢個收藏係空嘅,collections.empty,ai,1000000,这个收藏集是空的,collections.empty,ai,1000000,這個收藏是空的,collections.empty,ai,1000000
Create your first collection to start organizing expressions.,collections.emptyInfo,ai,1000000,Crea tu primera colección para comenzar a organizar expresiones.,collections.emptyInfo,ai,1000000,Créez votre première collection pour commencer à organiser les expressions.,collections.emptyInfo,ai,1000000,最初のコレクションを作成して、表現を整理し始めましょう。,collections.emptyInfo,ai,1000000,建立汝个第一个收藏，開始整理語詞。,collections.emptyInfo,ai,1000000,建立你第一個收藏，開始整理詞句。,collections.emptyInfo,ai,1000000,创建您的第一个收藏集来开始管理表达式。,collections.emptyInfo,ai,1000000,建立您的第一個收藏集來開始管理表達式。,collections.emptyInfo,ai,1000000
Public access,collections.isPublic,ai,1000000,Acceso público,collections.isPublic,ai,1000000,Accès public,collections.isPublic,ai,1000000,公開アクセス,collections.isPublic,ai,1000000,公開瀏覽,collections.isPublic,ai,1000000,公開瀏覽,collections.isPublic,ai,1000000,公开访问,collections.isPublic,ai,1000000,公開存取,collections.isPublic,ai,1000000
items,collections.items,ai,1000000,elementos,collections.items,ai,1000000,éléments,collections.items,ai,1000000,アイテム,collections.items,ai,1000000,項目,collections.items,ai,1000000,項目,collections.items,ai,1000000,条目,collections.items,ai,1000000,項目,collections.items,ai,1000000
My Collections,collections.myCollections,ai,1000000,Mis colecciones,collections.myCollections,ai,1000000,Mes collections,collections.myCollections,ai,1000000,マイコレクション,collections.myCollections,ai,1000000,我个收藏,collections.myCollections,ai,1000000,我嘅收藏,collections.myCollections,ai,1000000,我的收藏,collections.myCollections,ai,1000000,我的收藏,collections.myCollections,ai,1000000
Collection Name,collections.name,ai,1000000,Nombre de la colección,collections.name,ai,1000000,Nom de la collection,collections.name,ai,1000000,コレクション名,collections.name,ai,1000000,收藏名,collections.name,ai,1000000,收藏名稱,collections.name,ai,1000000,收藏集名称,collections.name,ai,1000000,收藏名稱,collections.name,ai,1000000
e.g. My Favorites,collections.namePlaceholder,ai,1000000,Ej: Mis favoritos,collections.namePlaceholder,ai,1000000,Ex : Mes favoris,collections.namePlaceholder,ai,1000000,例: お気に入り,collections.namePlaceholder,ai,1000000,比如：我个最愛,collections.namePlaceholder,ai,1000000,例如：我最喜愛,collections.namePlaceholder,ai,1000000,例如：我的最爱,collections.namePlaceholder,ai,1000000,例如：我的最愛,collections.namePlaceholder,ai,1000000
No collections found.,collections.noCollections,ai,1000000,No se encontraron colecciones.,collections.noCollections,ai,1000000,Aucune collection trouvée.,collections.noCollections,ai,1000000,コレクションが見つかりませんでした。,collections.noCollections,ai,1000000,無揣著集。,collections.noCollections,ai,1000000,搵唔到任何收藏。,collections.noCollections,ai,1000000,未找到收藏集。,collections.noCollections,ai,1000000,未找到收藏集。,collections.noCollections,ai,1000000
No description provided.,collections.noDescription,ai,1000000,No se proporcionó descripción.,collections.noDescription,ai,1000000,Aucune description fournie.,collections.noDescription,ai,1000000,説明が提供されていません。,collections.noDescription,ai,1000000,無提供說明。,collections.noDescription,ai,1000000,未提供說明。,collections.noDescription,ai,1000000,暂无描述。,collections.noDescription,ai,1000000,暫無描述。,collections.noDescription,ai,1000000
Collection not found,collections.notFound,ai,1000000,Colección no encontrada,collections.notFound,ai,1000000,Collection introuvable,collections.notFound,ai,1000000,コレクションが見つかりません,collections.notFound,ai,1000000,無揣著收藏,collections.notFound,ai,1000000,搵唔到收藏,collections.notFound,ai,1000000,未找到收藏集,collections.notFound,ai,1000000,未找到收藏集,collections.notFound,ai,1000000
Note (Optional),collections.note,ai,1000000,Nota (Opcional),collections.note,ai,1000000,Note (Facultatif),collections.note,ai,1000000,メモ (任意),collections.note,ai,1000000,備註（選填）,collections.note,ai,1000000,備註（選填）,collections.note,ai,1000000,备注（可选）,collections.note,ai,1000000,備註 (可選),collections.note,ai,1000000
e.g. Useful for greeting,collections.notePlaceholder,ai,1000000,Ej: Útil para saludar,collections.notePlaceholder,ai,1000000,Ex : Utile pour les salutations,collections.notePlaceholder,ai,1000000,例: 挨拶に便利,collections.notePlaceholder,ai,1000000,譬如講：適合用來拍招呼,collections.notePlaceholder,ai,1000000,例如：適合用嚟打招呼,collections.notePlaceholder,ai,1000000,例如：常用问候语,collections.notePlaceholder,ai,1000000,例如：用於問候,collections.notePlaceholder,ai,1000000
Private,collections.private,ai,1000000,Privado,collections.private,ai,1000000,Privé,collections.private,ai,1000000,非公開,collections.private,ai,1000000,私人,collections.private,ai,1000000,私人,collections.private,ai,1000000,私有,collections.private,ai,1000000,私人,collections.private,ai,1000000
Public,collections.public,ai,1000000,Público,collections.public,ai,1000000,Public,collections.public,ai,1000000,公開,collections.public,ai,1000000,公開,collections.public,ai,1000000,公開,collections.public,ai,1000000,公开,collections.public,ai,1000000,公開,collections.public,ai,1000000
Go to My Collections to create a new one? Current progress won't be saved.,collections.redirectConfirm,ai,1000000,¿Ir a Mis Colecciones para crear una nueva? El progreso actual no se guardará.,collections.redirectConfirm,ai,1000000,Aller à Mes Collections pour en créer une nouvelle ? La progression actuelle ne sera pas sauvegardée.,collections.redirectConfirm,ai,1000000,マイコレクションに移動して新しいものを作成しますか？現在の進行状況は保存されません。,collections.redirectConfirm,ai,1000000,欲去「我个收藏」建立新个？目前个進度袂保存。,collections.redirectConfirm,ai,1000000,要前往「我嘅收藏」建立新收藏嗎？而家嘅進度將唔會保存。,collections.redirectConfirm,ai,1000000,是否前往“我的收藏”创建新收藏集？当前进度将不会保存。,collections.redirectConfirm,ai,1000000,前往『我的收藏』建立新的？目前進度將不會保存。,collections.redirectConfirm,ai,1000000
Remove,collections.removeItem,ai,1000000,Eliminar,collections.removeItem,ai,1000000,Retirer,collections.removeItem,ai,1000000,削除,collections.removeItem,ai,1000000,移除,collections.removeItem,ai,1000000,移除,collections.removeItem,ai,1000000,移除,collections.removeItem,ai,1000000,移除,collections.removeItem,ai,1000000
Remove this item from the collection?,collections.removeItemConfirm,ai,1000000,¿Eliminar este elemento de la colección?,collections.removeItemConfirm,ai,1000000,Retirer cet élément de la collection ?,collections.removeItemConfirm,ai,1000000,このアイテムをコレクションから削除しますか？,collections.removeItemConfirm,ai,1000000,欲對收藏內底移除這个項目？,collections.removeItemConfirm,ai,1000000,要由收藏入面移除呢個項目？,collections.removeItemConfirm,ai,1000000,确定要从收藏集中移除此条目吗？,collections.removeItemConfirm,ai,1000000,您確定要從收藏中移除此項目嗎？,collections.removeItemConfirm,ai,1000000
Save Collection,collections.save,ai,1000000,Guardar colección,collections.save,ai,1000000,Enregistrer la collection,collections.save,ai,1000000,コレクションを保存,collections.save,ai,1000000,儲存收藏,collections.save,ai,1000000,儲存收藏,collections.save,ai,1000000,保存收藏集,collections.save,ai,1000000,儲存收藏,collections.save,ai,1000000
Shared Collections,collections.sharedCollections,ai,1000000,Colecciones compartidas,collections.sharedCollections,ai,1000000,Collections partagées,collections.sharedCollections,ai,1000000,共有コレクション,collections.sharedCollections,ai,1000000,共享收藏,collections.sharedCollections,ai,1000000,共享收藏,collections.sharedCollections,ai,1000000,共享收藏,collections.sharedCollections,ai,1000000,共享收藏,collections.sharedCollections,ai,1000000
Collections,collections.title,ai,1000000,Colecciones,collections.title,ai,1000000,Collections,collections.title,ai,1000000,コレクション,collections.title,ai,1000000,收藏集,collections.title,ai,1000000,收藏集,collections.title,ai,1000000,收藏集,collections.title,ai,1000000,收藏集,collections.title,ai,1000000
Failed to update some collections,collections.updateError,ai,1000000,Error al actualizar algunas colecciones,collections.updateError,ai,1000000,Échec de la mise à jour de certaines collections,collections.updateError,ai,1000000,一部のコレクションの更新に失敗しました,collections.updateError,ai,1000000,部分收藏更新失敗,collections.updateError,ai,1000000,部分收藏更新失敗,collections.updateError,ai,1000000,部分收藏集更新失败,collections.updateError,ai,1000000,部分收藏更新失敗,collections.updateError,ai,1000000
Collections updated successfully,collections.updatedSuccess,ai,1000000,Colecciones actualizadas correctamente,collections.updatedSuccess,ai,1000000,Collections mises à jour avec succès,collections.updatedSuccess,ai,1000000,コレクションが正常に更新されました,collections.updatedSuccess,ai,1000000,收藏更新成功,collections.updatedSuccess,ai,1000000,收藏更新成功,collections.updatedSuccess,ai,1000000,收藏集更新成功,collections.updatedSuccess,ai,1000000,收藏更新成功,collections.updatedSuccess,ai,1000000
Cancel,common.cancel,ai,1000000,Cancelar,common.cancel,ai,1000000,Annuler,common.cancel,ai,1000000,キャンセル,common.cancel,ai,1000000,取消,common.cancel,ai,1000000,取消,common.cancel,ai,1000000,取消,common.cancel,ai,1000000,取消,common.cancel,ai,1000000
Delete,common.delete,ai,1000000,Eliminar,common.delete,ai,1000000,Supprimer,common.delete,ai,1000000,削除,common.delete,ai,1000000,刪除,common.delete,ai,1000000,刪除,common.delete,ai,1000000,删除,common.delete,ai,1000000,刪除,common.delete,ai,1000000
Edit,common.edit,ai,1000000,Editar,common.edit,ai,1000000,Modifier,common.edit,ai,1000000,編集,common.edit,ai,1000000,編輯,common.edit,ai,1000000,編輯,common.edit,ai,1000000,编辑,common.edit,ai,1000000,編輯,common.edit,ai,1000000
An error occurred,common.error,ai,1000000,Ocurrió un error,common.error,ai,1000000,Une erreur s'est produite,common.error,ai,1000000,エラーが発生しました,common.error,ai,1000000,發生錯誤,common.error,ai,1000000,發生錯誤,common.error,ai,1000000,发生错误,common.error,ai,1000000,發生錯誤,common.error,ai,1000000
Loading...,common.loading,ai,1000000,Cargando...,common.loading,ai,1000000,Chargement...,common.loading,ai,1000000,読み込み中...,common.loading,ai,1000000,載入中…,common.loading,ai,1000000,載入中…,common.loading,ai,1000000,加载中...,common.loading,ai,1000000,載入中...,common.loading,ai,1000000
Next,common.next,ai,1000000,Siguiente,common.next,ai,1000000,Suivant,common.next,ai,1000000,次へ,common.next,ai,1000000,後一頁,common.next,ai,1000000,下一頁,common.next,ai,1000000,下一页,common.next,ai,1000000,下一頁,common.next,ai,1000000
Page,common.page,ai,1000000,Página,common.page,ai,1000000,Page,common.page,ai,1000000,ページ,common.page,ai,1000000,頁,common.page,ai,1000000,頁,common.page,ai,1000000,页,common.page,ai,1000000,頁,common.page,ai,1000000
Prev,common.prev,ai,1000000,Anterior,common.prev,ai,1000000,Précédent,common.prev,ai,1000000,前へ,common.prev,ai,1000000,前一頁,common.prev,ai,1000000,上一頁,common.prev,ai,1000000,上一页,common.prev,ai,1000000,上一頁,common.prev,ai,1000000
Save,common.save,ai,1000000,Guardar,common.save,ai,1000000,Enregistrer,common.save,ai,1000000,保存,common.save,ai,1000000,儲存,common.save,ai,1000000,儲存,common.save,ai,1000000,保存,common.save,ai,1000000,儲存,common.save,ai,1000000
Saving...,common.saving,ai,1000000,Guardando...,common.saving,ai,1000000,Enregistrement...,common.saving,ai,1000000,保存中...,common.saving,ai,1000000,儲存中…,common.saving,ai,1000000,儲存中…,common.saving,ai,1000000,保存中...,common.saving,ai,1000000,儲存中...,common.saving,ai,1000000
Success,common.success,ai,1000000,Éxito,common.success,ai,1000000,Succès,common.success,ai,1000000,成功,common.success,ai,1000000,成功,common.success,ai,1000000,成功,common.success,ai,1000000,成功,common.success,ai,1000000,成功,common.success,ai,1000000
Add Language,create.addLanguage,ai,1000000,Agregar idioma,create.addLanguage,ai,1000000,Ajouter une langue,create.addLanguage,ai,1000000,✨ 新しい言語を追加,create.addLanguage,ai,1000000,新增語言,create.addLanguage,ai,1000000,新增語言,create.addLanguage,ai,1000000,添加语言,create.addLanguage,ai,1000000,新增語言,create.addLanguage,ai,1000000
Failed to add language. Please try again.,create.addLanguageFailed,ai,1000000,"Error al agregar el idioma. Por favor, inténtelo de nuevo.",create.addLanguageFailed,ai,1000000,Échec de l'ajout de la langue. Veuillez réessayer.,create.addLanguageFailed,ai,1000000,言語の追加に失敗しました。もう一度お試しください。,create.addLanguageFailed,ai,1000000,新增語言失敗，請閣再試。,create.addLanguageFailed,ai,1000000,新增語言失敗，請重試。,create.addLanguageFailed,ai,1000000,添加语言失败。请重试。,create.addLanguageFailed,ai,1000000,新增語言失敗，請重試。,create.addLanguageFailed,ai,1000000
Adding...,create.addingLanguage,ai,1000000,Agregando...,create.addingLanguage,ai,1000000,Ajout en cours...,create.addingLanguage,ai,1000000,追加中...,create.addingLanguage,ai,1000000,新增中…,create.addingLanguage,ai,1000000,正在新增...,create.addingLanguage,ai,1000000,添加中...,create.addingLanguage,ai,1000000,正在新增...,create.addingLanguage,ai,1000000
Associate with Existing Meaning,create.associateWithExistingMeaning,ai,1000000,Asociar con significado existente,create.associateWithExistingMeaning,ai,1000000,Associer à une signification existante,create.associateWithExistingMeaning,ai,1000000,既存の意味に関連付ける,create.associateWithExistingMeaning,ai,1000000,關聯到既有語意,create.associateWithExistingMeaning,ai,1000000,關聯現有含義,create.associateWithExistingMeaning,ai,1000000,关联现有含义,create.associateWithExistingMeaning,ai,1000000,關聯現有含義,create.associateWithExistingMeaning,ai,1000000
Associate with Meaning,create.associateWithMeaning,ai,1000000,Asociar con significado,create.associateWithMeaning,ai,1000000,Associer à une signification,create.associateWithMeaning,ai,1000000,意味に関連付ける,create.associateWithMeaning,ai,1000000,關聯語意,create.associateWithMeaning,ai,1000000,關聯含義,create.associateWithMeaning,ai,1000000,关联含义,create.associateWithMeaning,ai,1000000,關聯含義,create.associateWithMeaning,ai,1000000
Associate with New Meaning,create.associateWithNewMeaning,ai,1000000,Asociar con nuevo significado,create.associateWithNewMeaning,ai,1000000,Associer à une nouvelle signification,create.associateWithNewMeaning,ai,1000000,新しい意味に関連付ける,create.associateWithNewMeaning,ai,1000000,建立新語意,create.associateWithNewMeaning,ai,1000000,關聯新含義,create.associateWithNewMeaning,ai,1000000,关联新含义,create.associateWithNewMeaning,ai,1000000,關聯新含義,create.associateWithNewMeaning,ai,1000000
Back,create.back,ai,1000000,Atrás,create.back,ai,1000000,Retour,create.back,ai,1000000,戻る,create.back,ai,1000000,倒轉去,create.back,ai,1000000,返回,create.back,ai,1000000,返回,create.back,ai,1000000,返回,create.back,ai,1000000
Cancel,create.cancel,ai,1000000,Cancelar,create.cancel,ai,1000000,Annuler,create.cancel,ai,1000000,キャンセル,create.cancel,ai,1000000,取消,create.cancel,ai,1000000,取消,create.cancel,ai,1000000,取消,create.cancel,ai,1000000,取消,create.cancel,ai,1000000
Click on the map to select a region,create.clickOnMapToSelect,ai,1000000,Haz clic en el mapa para seleccionar una región,create.clickOnMapToSelect,ai,1000000,Cliquez sur la carte pour sélectionner une région,create.clickOnMapToSelect,ai,1000000,地図をクリックして地域を選択,create.clickOnMapToSelect,ai,1000000,請佇地圖拍一下揀地區,create.clickOnMapToSelect,ai,1000000,點擊地圖選擇區域,create.clickOnMapToSelect,ai,1000000,点击地图选择区域,create.clickOnMapToSelect,ai,1000000,點擊地圖選擇區域,create.clickOnMapToSelect,ai,1000000
Detect my location,create.detectLocation,ai,1000000,Detectar mi ubicación,create.detectLocation,ai,1000000,Détecter ma position,create.detectLocation,ai,1000000,現在地を検出,create.detectLocation,ai,1000000,偵測所在位置,create.detectLocation,ai,1000000,偵測我嘅位置,create.detectLocation,ai,1000000,检测我的位置,create.detectLocation,ai,1000000,偵測我的位置,create.detectLocation,ai,1000000
Geolocation is not supported by your browser,create.geolocationNotSupported,ai,1000000,La geolocalización no es compatible con tu navegador,create.geolocationNotSupported,ai,1000000,La géolocalisation n'est pas prise en charge par votre navigateur,create.geolocationNotSupported,ai,1000000,お使いのブラウザはジオロケーションをサポートしていません,create.geolocationNotSupported,ai,1000000,恁个瀏覽器無支援定位功能,create.geolocationNotSupported,ai,1000000,你嘅瀏覽器唔支援地理位置,create.geolocationNotSupported,ai,1000000,您的浏览器不支持地理位置,create.geolocationNotSupported,ai,1000000,您的瀏覽器不支援地理位置,create.geolocationNotSupported,ai,1000000
Hide Map,create.hideMap,ai,1000000,Ocultar Mapa,create.hideMap,ai,1000000,Masquer la carte,create.hideMap,ai,1000000,地図を隠す,create.hideMap,ai,1000000,隱藏地圖,create.hideMap,ai,1000000,隱藏地圖,create.hideMap,ai,1000000,隐藏地图,create.hideMap,ai,1000000,隱藏地圖,create.hideMap,ai,1000000
Language,create.language,ai,1000000,Idioma,create.language,ai,1000000,Langue,create.language,ai,1000000,言語,create.language,ai,1000000,語言,create.language,ai,1000000,語言,create.language,ai,1000000,语言,create.language,ai,1000000,語言,create.language,ai,1000000
Language Code,create.languageCode,ai,1000000,Código de idioma,create.languageCode,ai,1000000,Code de langue,create.languageCode,ai,1000000,言語コード,create.languageCode,ai,1000000,語言代碼,create.languageCode,ai,1000000,語言代碼,create.languageCode,ai,1000000,语言代码,create.languageCode,ai,1000000,語言代碼,create.languageCode,ai,1000000
Custom code for your language (can be non-standard),create.languageCodeHelp,ai,1000000,Código personalizado para tu idioma (puede ser no estándar),create.languageCodeHelp,ai,1000000,Code personnalisé pour votre langue (peut être non standard),create.languageCodeHelp,ai,1000000,あなたの言語のカスタムコード（非標準でも可）,create.languageCodeHelp,ai,1000000,這个語言个自訂代碼（無一定標準嘛無要緊）,create.languageCodeHelp,ai,1000000,你語言嘅自訂代碼（可以係非標準嘅）,create.languageCodeHelp,ai,1000000,您语言的自定义代码（可以是非标准的）,create.languageCodeHelp,ai,1000000,您語言的自訂代碼（可以是非標準的）,create.languageCodeHelp,ai,1000000
"e.g. custom-lang, toki-pona",create.languageCodePlaceholder,ai,1000000,"ej. custom-lang, toki-pona",create.languageCodePlaceholder,ai,1000000,"ex. custom-lang, toki-pona",create.languageCodePlaceholder,ai,1000000,"例：custom-lang, toki-pona",create.languageCodePlaceholder,ai,1000000,比如：custom-lang、toki-pona,create.languageCodePlaceholder,ai,1000000,例如：custom-lang、toki-pona,create.languageCodePlaceholder,ai,1000000,例如：custom-lang、toki-pona,create.languageCodePlaceholder,ai,1000000,例如：custom-lang、toki-pona,create.languageCodePlaceholder,ai,1000000
Select the language for this expression,create.languageHelp,ai,1000000,Selecciona el idioma para esta expresión,create.languageHelp,ai,1000000,Sélectionnez la langue pour cette expression,create.languageHelp,ai,1000000,この表現の言語を選択,create.languageHelp,ai,1000000,這條語詞所屬个語言,create.languageHelp,ai,1000000,為呢句詞句選擇語言,create.languageHelp,ai,1000000,为此词句选择语言,create.languageHelp,ai,1000000,為此詞句選擇語言,create.languageHelp,ai,1000000
Language Name,create.languageName,ai,1000000,Nombre del idioma,create.languageName,ai,1000000,Nom de la langue,create.languageName,ai,1000000,言語名,create.languageName,ai,1000000,語言名,create.languageName,ai,1000000,語言名稱,create.languageName,ai,1000000,语言名称,create.languageName,ai,1000000,語言名稱,create.languageName,ai,1000000
e.g. Custom Language,create.languageNamePlaceholder,ai,1000000,ej. Idioma personalizado,create.languageNamePlaceholder,ai,1000000,ex. Langue personnalisée,create.languageNamePlaceholder,ai,1000000,例：カスタム言語,create.languageNamePlaceholder,ai,1000000,比如：自訂語言,create.languageNamePlaceholder,ai,1000000,例如：自訂語言,create.languageNamePlaceholder,ai,1000000,例如：自定义语言,create.languageNamePlaceholder,ai,1000000,例如：自訂語言,create.languageNamePlaceholder,ai,1000000
Select language,create.languagePlaceholder,ai,1000000,Seleccionar idioma,create.languagePlaceholder,ai,1000000,Sélectionner la langue,create.languagePlaceholder,ai,1000000,言語を選択,create.languagePlaceholder,ai,1000000,揀語言,create.languagePlaceholder,ai,1000000,選擇語言,create.languagePlaceholder,ai,1000000,选择语言,create.languagePlaceholder,ai,1000000,選擇語言,create.languagePlaceholder,ai,1000000
Latitude,create.latitude,ai,1000000,Latitud,create.latitude,ai,1000000,Latitude,create.latitude,ai,1000000,緯度,create.latitude,ai,1000000,緯度,create.latitude,ai,1000000,緯度,create.latitude,ai,1000000,纬度,create.latitude,ai,1000000,緯度,create.latitude,ai,1000000
e.g. 51.5074,create.latitudePlaceholder,ai,1000000,ej. 51.5074,create.latitudePlaceholder,ai,1000000,ex. 51.5074,create.latitudePlaceholder,ai,1000000,例：51.5074,create.latitudePlaceholder,ai,1000000,比如：51.5074,create.latitudePlaceholder,ai,1000000,例如：51.5074,create.latitudePlaceholder,ai,1000000,例如：51.5074,create.latitudePlaceholder,ai,1000000,例如：51.5074,create.latitudePlaceholder,ai,1000000
Loading languages...,create.loadingLanguages,ai,1000000,Cargando idiomas...,create.loadingLanguages,ai,1000000,Chargement des langues...,create.loadingLanguages,ai,1000000,言語を読み込み中...,create.loadingLanguages,ai,1000000,語言載入中…,create.loadingLanguages,ai,1000000,正在載入語言...,create.loadingLanguages,ai,1000000,加载语言中...,create.loadingLanguages,ai,1000000,正在載入語言...,create.loadingLanguages,ai,1000000
Failed to detect your location,create.locationDetectionFailed,ai,1000000,No se pudo detectar tu ubicación,create.locationDetectionFailed,ai,1000000,Échec de la détection de votre position,create.locationDetectionFailed,ai,1000000,位置情報の検出に失敗しました,create.locationDetectionFailed,ai,1000000,毋捌偵測著恁个所在,create.locationDetectionFailed,ai,1000000,無法偵測你嘅位置,create.locationDetectionFailed,ai,1000000,无法检测您的位置,create.locationDetectionFailed,ai,1000000,無法偵測您的位置,create.locationDetectionFailed,ai,1000000
Failed to parse location information,create.locationParsingFailed,ai,1000000,Error al analizar la información de ubicación,create.locationParsingFailed,ai,1000000,Échec de l'analyse des informations de localisation,create.locationParsingFailed,ai,1000000,位置情報の解析に失敗しました,create.locationParsingFailed,ai,1000000,無法解析所在資訊,create.locationParsingFailed,ai,1000000,無法解析位置資訊,create.locationParsingFailed,ai,1000000,无法解析位置信息,create.locationParsingFailed,ai,1000000,無法解析位置資訊,create.locationParsingFailed,ai,1000000
Longitude,create.longitude,ai,1000000,Longitud,create.longitude,ai,1000000,Longitude,create.longitude,ai,1000000,経度,create.longitude,ai,1000000,經度,create.longitude,ai,1000000,經度,create.longitude,ai,1000000,经度,create.longitude,ai,1000000,經度,create.longitude,ai,1000000
e.g. -0.1278,create.longitudePlaceholder,ai,1000000,ej. -0.1278,create.longitudePlaceholder,ai,1000000,ex. -0.1278,create.longitudePlaceholder,ai,1000000,例：-0.1278,create.longitudePlaceholder,ai,1000000,比如：-0.1278,create.longitudePlaceholder,ai,1000000,例如：-0.1278,create.longitudePlaceholder,ai,1000000,例如：-0.1278,create.longitudePlaceholder,ai,1000000,例如：-0.1278,create.longitudePlaceholder,ai,1000000
Left to Right (LTR),create.ltr,ai,1000000,Izquierda a Derecha (LTR),create.ltr,ai,1000000,De gauche à droite (LTR),create.ltr,ai,1000000,左から右（LTR）,create.ltr,ai,1000000,由左向右 (LTR),create.ltr,ai,1000000,從左到右 (LTR),create.ltr,ai,1000000,从左到右（LTR）,create.ltr,ai,1000000,從左到右 (LTR),create.ltr,ai,1000000
Meaning Description,create.meaningDescription,ai,1000000,Descripción del significado,create.meaningDescription,ai,1000000,Description de la signification,create.meaningDescription,ai,1000000,意味の説明,create.meaningDescription,ai,1000000,語意說明,create.meaningDescription,ai,1000000,含義描述,create.meaningDescription,ai,1000000,含义描述,create.meaningDescription,ai,1000000,含義描述,create.meaningDescription,ai,1000000
A comprehensive description of what this meaning represents,create.meaningDescriptionHelp,ai,1000000,Una descripción completa de lo que representa este significado,create.meaningDescriptionHelp,ai,1000000,Une description complète de ce que représente cette signification,create.meaningDescriptionHelp,ai,1000000,この意味が何を表しているかの包括的な説明,create.meaningDescriptionHelp,ai,1000000,完整解釋這个語意代表个意思,create.meaningDescriptionHelp,ai,1000000,對此含義所代表內容嘅全面描述,create.meaningDescriptionHelp,ai,1000000,对此含义所代表内容的全面描述,create.meaningDescriptionHelp,ai,1000000,對此含義所代表內容的全面描述,create.meaningDescriptionHelp,ai,1000000
Detailed explanation of this meaning,create.meaningDescriptionPlaceholder,ai,1000000,Explicación detallada de este significado,create.meaningDescriptionPlaceholder,ai,1000000,Explication détaillée de cette signification,create.meaningDescriptionPlaceholder,ai,1000000,この意味の詳細な説明,create.meaningDescriptionPlaceholder,ai,1000000,較詳細个語意解說,create.meaningDescriptionPlaceholder,ai,1000000,此含義嘅詳細解釋,create.meaningDescriptionPlaceholder,ai,1000000,此含义的详细解释,create.meaningDescriptionPlaceholder,ai,1000000,此含義的詳細解釋,create.meaningDescriptionPlaceholder,ai,1000000
Meaning Gloss,create.meaningGloss,ai,1000000,Glosa del significado,create.meaningGloss,ai,1000000,Glose de la signification,create.meaningGloss,ai,1000000,意味の語彙,create.meaningGloss,ai,1000000,語意標題,create.meaningGloss,ai,1000000,含義標題,create.meaningGloss,ai,1000000,含义简述,create.meaningGloss,ai,1000000,含義標題,create.meaningGloss,ai,1000000
A short phrase that captures the essence of this meaning,create.meaningGlossHelp,ai,1000000,Una frase corta que captura la esencia de este significado,create.meaningGlossHelp,ai,1000000,Une courte phrase qui capture l'essence de cette signification,create.meaningGlossHelp,ai,1000000,この意味の本質を捉えた短いフレーズ,create.meaningGlossHelp,ai,1000000,一兩句話講這个語意个意思,create.meaningGlossHelp,ai,1000000,捕捉此含義本質嘅短語,create.meaningGlossHelp,ai,1000000,捕捉此含义精髓的短语,create.meaningGlossHelp,ai,1000000,捕捉此含義本質的短語,create.meaningGlossHelp,ai,1000000
Brief identifier for this meaning,create.meaningGlossPlaceholder,ai,1000000,Identificador breve para este significado,create.meaningGlossPlaceholder,ai,1000000,Identifiant bref pour cette signification,create.meaningGlossPlaceholder,ai,1000000,この意味の簡単な識別子,create.meaningGlossPlaceholder,ai,1000000,簡短个語意,create.meaningGlossPlaceholder,ai,1000000,此含義嘅簡要標識,create.meaningGlossPlaceholder,ai,1000000,此含义的简短标识,create.meaningGlossPlaceholder,ai,1000000,此含義的簡要標識,create.meaningGlossPlaceholder,ai,1000000
Tags,create.meaningTags,ai,1000000,Etiquetas,create.meaningTags,ai,1000000,Étiquettes,create.meaningTags,ai,1000000,タグ,create.meaningTags,ai,1000000,標籤,create.meaningTags,ai,1000000,標籤,create.meaningTags,ai,1000000,标签,create.meaningTags,ai,1000000,標籤,create.meaningTags,ai,1000000
Tags help categorize and find meanings (press Enter or comma to add),create.meaningTagsHelp,ai,1000000,Las etiquetas ayudan a categorizar y encontrar significados (presiona Enter o coma para añadir),create.meaningTagsHelp,ai,1000000,Les étiquettes aident à catégoriser et trouver des significations (appuyez sur Entrée ou virgule pour ajouter),create.meaningTagsHelp,ai,1000000,タグは意味の分類と検索に役立ちます（Enterキーまたはカンマで追加）,create.meaningTagsHelp,ai,1000000,標籤會使汝較容易分類佮揣語意（按 Enter 抑逗號添加）,create.meaningTagsHelp,ai,1000000,標籤有助於分類同查找含義（按 Enter 鍵或者逗號添加）,create.meaningTagsHelp,ai,1000000,标签有助于分类和查找含义（按回车或逗号添加）,create.meaningTagsHelp,ai,1000000,標籤有助於分類和查找含義（按回車鍵或逗號添加）,create.meaningTagsHelp,ai,1000000
Add a tag...,create.meaningTagsPlaceholder,ai,1000000,Añadir una etiqueta...,create.meaningTagsPlaceholder,ai,1000000,Ajouter une étiquette...,create.meaningTagsPlaceholder,ai,1000000,タグを追加...,create.meaningTagsPlaceholder,ai,1000000,加標籤…,create.meaningTagsPlaceholder,ai,1000000,添加標籤...,create.meaningTagsPlaceholder,ai,1000000,添加标签...,create.meaningTagsPlaceholder,ai,1000000,添加標籤...,create.meaningTagsPlaceholder,ai,1000000
Native Name,create.nativeName,ai,1000000,Nombre nativo,create.nativeName,ai,1000000,Nom Natif,create.nativeName,ai,1000000,ネイティブ名,create.nativeName,ai,1000000,本地語名,create.nativeName,ai,1000000,本地名稱,create.nativeName,ai,1000000,本地名称,create.nativeName,ai,1000000,本地名稱,create.nativeName,ai,1000000
e.g. Native Language Name,create.nativeNamePlaceholder,ai,1000000,ej. Idioma Nativo,create.nativeNamePlaceholder,ai,1000000,ex. Nom de la langue maternelle,create.nativeNamePlaceholder,ai,1000000,例：ネイティブ言語名,create.nativeNamePlaceholder,ai,1000000,比如：語言个本地稱呼,create.nativeNamePlaceholder,ai,1000000,例如：本地語言名稱,create.nativeNamePlaceholder,ai,1000000,例如：本地语言名称,create.nativeNamePlaceholder,ai,1000000,例如：本地語言名稱,create.nativeNamePlaceholder,ai,1000000
Native Region Name,create.nativeRegionName,ai,1000000,Nombre de Región Nativa,create.nativeRegionName,ai,1000000,Nom de Région Natif,create.nativeRegionName,ai,1000000,ネイティブ地域名,create.nativeRegionName,ai,1000000,地區个本地名,create.nativeRegionName,ai,1000000,本地地區名稱,create.nativeRegionName,ai,1000000,本地地区名称,create.nativeRegionName,ai,1000000,本地地區名稱,create.nativeRegionName,ai,1000000
"e.g. Londres, R.-U.",create.nativeRegionNamePlaceholder,ai,1000000,"ej. Londres, Reino Unido",create.nativeRegionNamePlaceholder,ai,1000000,"ex. Londres, Royaume-Uni",create.nativeRegionNamePlaceholder,ai,1000000,例：ロンドン、イギリス,create.nativeRegionNamePlaceholder,ai,1000000,比如：倫敦，英國,create.nativeRegionNamePlaceholder,ai,1000000,例如：倫敦，英國,create.nativeRegionNamePlaceholder,ai,1000000,"例如：Londres, R.-U.",create.nativeRegionNamePlaceholder,ai,1000000,例如：倫敦，英國,create.nativeRegionNamePlaceholder,ai,1000000
Parsing location information...,create.parsingLocation,ai,1000000,Analizando información de ubicación...,create.parsingLocation,ai,1000000,Analyse des informations de localisation...,create.parsingLocation,ai,1000000,位置情報を解析中...,create.parsingLocation,ai,1000000,解析所在資訊中…,create.parsingLocation,ai,1000000,正在解析位置資訊...,create.parsingLocation,ai,1000000,解析位置信息中...,create.parsingLocation,ai,1000000,正在解析位置資訊...,create.parsingLocation,ai,1000000
Region (optional),create.region,ai,1000000,Región (opcional),create.region,ai,1000000,Région (facultatif),create.region,ai,1000000,地域 (任意),create.region,ai,1000000,地區（選填）,create.region,ai,1000000,地區（可選）,create.region,ai,1000000,地区（可选）,create.region,ai,1000000,地區（可選）,create.region,ai,1000000
Geographic region or area,create.regionHelp,ai,1000000,Región geográfica o área,create.regionHelp,ai,1000000,Région géographique ou zone,create.regionHelp,ai,1000000,地理的地域またはエリア,create.regionHelp,ai,1000000,這條語詞个地區或來源所在,create.regionHelp,ai,1000000,地理位置或區域,create.regionHelp,ai,1000000,地理区域或地区,create.regionHelp,ai,1000000,地理位置或區域,create.regionHelp,ai,1000000
Region Information,create.regionInformation,ai,1000000,Información de Región,create.regionInformation,ai,1000000,Informations sur la région,create.regionInformation,ai,1000000,地域情報,create.regionInformation,ai,1000000,地區資訊,create.regionInformation,ai,1000000,地區資訊,create.regionInformation,ai,1000000,地区信息,create.regionInformation,ai,1000000,地區信息,create.regionInformation,ai,1000000
Region Name,create.regionName,ai,1000000,Nombre de Región,create.regionName,ai,1000000,Nom de la Région,create.regionName,ai,1000000,地域名,create.regionName,ai,1000000,地區名,create.regionName,ai,1000000,地區名稱,create.regionName,ai,1000000,地区名称,create.regionName,ai,1000000,地區名稱,create.regionName,ai,1000000
"e.g. London, UK",create.regionNamePlaceholder,ai,1000000,"ej. Londres, Reino Unido",create.regionNamePlaceholder,ai,1000000,"ex. Londres, Royaume-Uni",create.regionNamePlaceholder,ai,1000000,例：ロンドン、イギリス,create.regionNamePlaceholder,ai,1000000,比如：台南市、英國倫敦,create.regionNamePlaceholder,ai,1000000,例如：倫敦，英國,create.regionNamePlaceholder,ai,1000000,例如：伦敦，英国,create.regionNamePlaceholder,ai,1000000,例如：倫敦，英國,create.regionNamePlaceholder,ai,1000000
"e.g. China, Spain, Global",create.regionPlaceholder,ai,1000000,"ej. China, España, Global",create.regionPlaceholder,ai,1000000,"ex. Chine, Espagne, Global",create.regionPlaceholder,ai,1000000,"例: 中国, スペイン, グローバル",create.regionPlaceholder,ai,1000000,比如：台灣、日本、全球,create.regionPlaceholder,ai,1000000,例如：中國、西班牙、全球,create.regionPlaceholder,ai,1000000,例如：中国、西班牙、全球,create.regionPlaceholder,ai,1000000,例如：中國、西班牙、全球,create.regionPlaceholder,ai,1000000
Language and text are required.,create.requiredError,ai,1000000,El idioma y el texto son obligatorios.,create.requiredError,ai,1000000,La langue et le texte sont requis.,create.requiredError,ai,1000000,言語とテキストは必須です。,create.requiredError,ai,1000000,語言佮語詞攏是必填欄位。,create.requiredError,ai,1000000,語言同文字係必填項。,create.requiredError,ai,1000000,语言和文本为必填项。,create.requiredError,ai,1000000,語言和文字為必填項。,create.requiredError,ai,1000000
Right to Left (RTL),create.rtl,ai,1000000,Derecha a Izquierda (RTL),create.rtl,ai,1000000,De droite à gauche (RTL),create.rtl,ai,1000000,右から左（RTL）,create.rtl,ai,1000000,由右向左 (RTL),create.rtl,ai,1000000,從右到左 (RTL),create.rtl,ai,1000000,从右到左（RTL）,create.rtl,ai,1000000,從右到左 (RTL),create.rtl,ai,1000000
Select language...,create.selectLanguage,ai,1000000,Seleccionar idioma...,create.selectLanguage,ai,1000000,Sélectionner la langue...,create.selectLanguage,ai,1000000,言語を選択...,create.selectLanguage,ai,1000000,揀語言…,create.selectLanguage,ai,1000000,選擇語言...,create.selectLanguage,ai,1000000,选择语言...,create.selectLanguage,ai,1000000,選擇語言...,create.selectLanguage,ai,1000000
Select on map,create.selectOnMap,ai,1000000,Seleccionar en el mapa,create.selectOnMap,ai,1000000,Sélectionner sur la carte,create.selectOnMap,ai,1000000,地図上で選択,create.selectOnMap,ai,1000000,佇地圖揀地點,create.selectOnMap,ai,1000000,喺地圖上選擇,create.selectOnMap,ai,1000000,在地图上选择,create.selectOnMap,ai,1000000,在地圖上選擇,create.selectOnMap,ai,1000000
Selected expression:,create.selectedExpression,ai,1000000,Expresión seleccionada:,create.selectedExpression,ai,1000000,Expression sélectionnée:,create.selectedExpression,ai,1000000,選択された表現:,create.selectedExpression,ai,1000000,汝揀个語詞：,create.selectedExpression,ai,1000000,已選詞句：,create.selectedExpression,ai,1000000,选定的词句：,create.selectedExpression,ai,1000000,已選詞句：,create.selectedExpression,ai,1000000
Source reference (optional),create.source,ai,1000000,Referencia de fuente (opcional),create.source,ai,1000000,Référence de source (facultatif),create.source,ai,1000000,ソース参照 (任意),create.source,ai,1000000,來源（選填）,create.source,ai,1000000,來源參考（可選）,create.source,ai,1000000,来源参考（可选）,create.source,ai,1000000,來源參考（可選）,create.source,ai,1000000
Origin or reference for this expression,create.sourceHelp,ai,1000000,Origen o referencia para esta expresión,create.sourceHelp,ai,1000000,Origine ou référence pour cette expression,create.sourceHelp,ai,1000000,この表現の出典または参照,create.sourceHelp,ai,1000000,這條語詞个參考來源,create.sourceHelp,ai,1000000,呢句詞句嘅來源或參考,create.sourceHelp,ai,1000000,此词句的来源或参考,create.sourceHelp,ai,1000000,此詞句的來源或參考,create.sourceHelp,ai,1000000
"e.g. Wiktionary, Dictionary.com, or a URL",create.sourcePlaceholder,ai,1000000,"ej. Wiktionary, Dictionary.com, o una URL",create.sourcePlaceholder,ai,1000000,"ex. Wiktionary, Dictionary.com, ou une URL",create.sourcePlaceholder,ai,1000000,"例: Wiktionary, Dictionary.com, またはURL",create.sourcePlaceholder,ai,1000000,比如：維基詞典、Dictionary.com 或 URL,create.sourcePlaceholder,ai,1000000,例如：維基詞典、Dictionary.com 或者 URL,create.sourcePlaceholder,ai,1000000,例如：维基词典、Dictionary.com 或 URL,create.sourcePlaceholder,ai,1000000,例如：維基詞典、Dictionary.com 或 URL,create.sourcePlaceholder,ai,1000000
Create Expression,create.submit,ai,1000000,Crear expresión,create.submit,ai,1000000,Créer l'expression,create.submit,ai,1000000,表現を作成,create.submit,ai,1000000,建立語詞,create.submit,ai,1000000,建立詞句,create.submit,ai,1000000,创建词句,create.submit,ai,1000000,建立詞句,create.submit,ai,1000000
,create.submitting,ai,1000000,,create.submitting,ai,1000000,,create.submitting,ai,1000000,送信中...,create.submitting,ai,1000000,,create.submitting,ai,1000000,,create.submitting,ai,1000000,,create.submitting,ai,1000000,,create.submitting,ai,1000000
Text,create.text,ai,1000000,Texto,create.text,ai,1000000,Texte,create.text,ai,1000000,テキスト,create.text,ai,1000000,語詞,create.text,ai,1000000,文字,create.text,ai,1000000,文本,create.text,ai,1000000,文字,create.text,ai,1000000
Text Direction,create.textDirection,ai,1000000,Dirección del Texto,create.textDirection,ai,1000000,Direction du Texte,create.textDirection,ai,1000000,文字方向,create.textDirection,ai,1000000,文字方向,create.textDirection,ai,1000000,文字方向,create.textDirection,ai,1000000,文本方向,create.textDirection,ai,1000000,文字方向,create.textDirection,ai,1000000
The actual word or sentence in the language,create.textHelp,ai,1000000,La palabra o oración real en el idioma,create.textHelp,ai,1000000,Le mot ou la phrase réelle dans la langue,create.textHelp,ai,1000000,言語における実際の単語や文,create.textHelp,ai,1000000,實際个一句話抑是語詞,create.textHelp,ai,1000000,該語言入面實際嘅詞語或句子,create.textHelp,ai,1000000,语言中的实际单词或句子,create.textHelp,ai,1000000,該語言中的實際詞語或句子,create.textHelp,ai,1000000
Enter the linguistic expression,create.textPlaceholder,ai,1000000,Ingresa la expresión lingüística,create.textPlaceholder,ai,1000000,Entrez l'expression linguistique,create.textPlaceholder,ai,1000000,言語表現を入力,create.textPlaceholder,ai,1000000,請輸入語詞,create.textPlaceholder,ai,1000000,輸入語言詞句,create.textPlaceholder,ai,1000000,输入词句,create.textPlaceholder,ai,1000000,輸入語言詞句,create.textPlaceholder,ai,1000000
Add New Expression,create.title,ai,1000000,Agregar nueva expresión,create.title,ai,1000000,Ajouter une nouvelle expression,create.title,ai,1000000,新しい表現を追加,create.title,ai,1000000,新增語詞,create.title,ai,1000000,新增新詞句,create.title,ai,1000000,添加新词句,create.title,ai,1000000,新增新詞句,create.title,ai,1000000
Already linked,detail.alreadyLinked,ai,1000000,Ya enlazado,detail.alreadyLinked,ai,1000000,Déjà lié,detail.alreadyLinked,ai,1000000,すでにリンク済み,detail.alreadyLinked,ai,1000000,已經連結矣,detail.alreadyLinked,ai,1000000,已連結,detail.alreadyLinked,ai,1000000,已链接,detail.alreadyLinked,ai,1000000,已連結,detail.alreadyLinked,ai,1000000
Associate Expressions,detail.associateExpressions,ai,1000000,Asociar expresiones,detail.associateExpressions,ai,1000000,Associer des expressions,detail.associateExpressions,ai,1000000,表現を関連付ける,detail.associateExpressions,ai,1000000,關聯語詞,detail.associateExpressions,ai,1000000,關聯詞句,detail.associateExpressions,ai,1000000,关联词句,detail.associateExpressions,ai,1000000,關聯詞句,detail.associateExpressions,ai,1000000
Associate with meanings,detail.associateWithMeanings,ai,1000000,Asociar con significados,detail.associateWithMeanings,ai,1000000,Associer avec des significations,detail.associateWithMeanings,ai,1000000,意味と関連付ける,detail.associateWithMeanings,ai,1000000,關聯語意,detail.associateWithMeanings,ai,1000000,關聯含義,detail.associateWithMeanings,ai,1000000,关联含义,detail.associateWithMeanings,ai,1000000,關聯含義,detail.associateWithMeanings,ai,1000000
Associated Expressions,detail.associatedExpressions,ai,1000000,Expresiones asociadas,detail.associatedExpressions,ai,1000000,Expressions associées,detail.associatedExpressions,ai,1000000,関連する表現,detail.associatedExpressions,ai,1000000,已關聯語詞,detail.associatedExpressions,ai,1000000,已關聯詞句,detail.associatedExpressions,ai,1000000,已关联词句,detail.associatedExpressions,ai,1000000,已關聯詞句,detail.associatedExpressions,ai,1000000
Associated Meanings,detail.associatedMeanings,ai,1000000,Significados asociados,detail.associatedMeanings,ai,1000000,Significations associées,detail.associatedMeanings,ai,1000000,関連する意味,detail.associatedMeanings,ai,1000000,相關意思,detail.associatedMeanings,ai,1000000,關聯意思,detail.associatedMeanings,ai,1000000,关联含义,detail.associatedMeanings,ai,1000000,關聯含義,detail.associatedMeanings,ai,1000000
Back to Search,detail.backToSearch,ai,1000000,Volver a la búsqueda,detail.backToSearch,ai,1000000,Retour à la recherche,detail.backToSearch,ai,1000000,検索に戻る,detail.backToSearch,ai,1000000,倒轉去尋揣頁,detail.backToSearch,ai,1000000,返回搜尋,detail.backToSearch,ai,1000000,返回搜索,detail.backToSearch,ai,1000000,返回搜尋,detail.backToSearch,ai,1000000
Cancel,detail.cancel,ai,1000000,Cancelar,detail.cancel,ai,1000000,Annuler,detail.cancel,ai,1000000,キャンセル,detail.cancel,ai,1000000,取消,detail.cancel,ai,1000000,取消,detail.cancel,ai,1000000,取消,detail.cancel,ai,1000000,取消,detail.cancel,ai,1000000
Create Expression,detail.createExpression,ai,1000000,Crear expresión,detail.createExpression,ai,1000000,Créer une expression,detail.createExpression,ai,1000000,表現を作成,detail.createExpression,ai,1000000,建立語詞,detail.createExpression,ai,1000000,建立詞句,detail.createExpression,ai,1000000,创建词句,detail.createExpression,ai,1000000,建立詞句,detail.createExpression,ai,1000000
Create Meaning,detail.createMeaning,ai,1000000,Crear significado,detail.createMeaning,ai,1000000,Créer une signification,detail.createMeaning,ai,1000000,意味を作成,detail.createMeaning,ai,1000000,建立語意,detail.createMeaning,ai,1000000,建立含義,detail.createMeaning,ai,1000000,创建含义,detail.createMeaning,ai,1000000,建立含義,detail.createMeaning,ai,1000000
Create new meaning…,detail.createNew,ai,1000000,Crear nuevo significado…,detail.createNew,ai,1000000,Créer une nouvelle signification…,detail.createNew,ai,1000000,新しい意味を作成…,detail.createNew,ai,1000000,建立新語意…,detail.createNew,ai,1000000,建立新含義…,detail.createNew,ai,1000000,创建新含义…,detail.createNew,ai,1000000,建立新含義…,detail.createNew,ai,1000000
Expression Details,detail.expressionDetails,ai,1000000,Detalles de la expresión,detail.expressionDetails,ai,1000000,Détails de l'expression,detail.expressionDetails,ai,1000000,表現の詳細,detail.expressionDetails,ai,1000000,語詞資料,detail.expressionDetails,ai,1000000,詞句詳情,detail.expressionDetails,ai,1000000,词句详情,detail.expressionDetails,ai,1000000,詞句詳情,detail.expressionDetails,ai,1000000
Search results include the current expression.,detail.includesCurrent,ai,1000000,Los resultados de búsqueda incluyen la expresión actual.,detail.includesCurrent,ai,1000000,Les résultats de recherche incluent l'expression actuelle.,detail.includesCurrent,ai,1000000,検索結果に現在の表現が含まれています。,detail.includesCurrent,ai,1000000,尋揣結果有包含這條語詞。,detail.includesCurrent,ai,1000000,搜尋結果包含當前詞句。,detail.includesCurrent,ai,1000000,搜索结果包含当前词句。,detail.includesCurrent,ai,1000000,搜尋結果包含當前詞句。,detail.includesCurrent,ai,1000000
Link,detail.link,ai,1000000,Enlazar,detail.link,ai,1000000,Lier,detail.link,ai,1000000,リンク,detail.link,ai,1000000,連結,detail.link,ai,1000000,連結,detail.link,ai,1000000,链接,detail.link,ai,1000000,連結,detail.link,ai,1000000
Link to meaning:,detail.linkToMeaning,ai,1000000,Enlazar al significado:,detail.linkToMeaning,ai,1000000,Lier à la signification:,detail.linkToMeaning,ai,1000000,意味にリンク:,detail.linkToMeaning,ai,1000000,連結到語意：,detail.linkToMeaning,ai,1000000,連結到含義：,detail.linkToMeaning,ai,1000000,链接到含义：,detail.linkToMeaning,ai,1000000,連結到含義：,detail.linkToMeaning,ai,1000000
Loading expression details...,detail.loading,ai,1000000,Cargando detalles de la expresión...,detail.loading,ai,1000000,Chargement des détails de l'expression...,detail.loading,ai,1000000,表現の詳細を読み込み中...,detail.loading,ai,1000000,語詞資料載入中…,detail.loading,ai,1000000,正在載入詞句詳情...,detail.loading,ai,1000000,加载词句详情中...,detail.loading,ai,1000000,正在載入詞句詳情...,detail.loading,ai,1000000
New meaning gloss,detail.newMeaningGloss,ai,1000000,Glosa del nuevo significado,detail.newMeaningGloss,ai,1000000,Glose de la nouvelle signification,detail.newMeaningGloss,ai,1000000,新しい意味の語彙,detail.newMeaningGloss,ai,1000000,新語意標題,detail.newMeaningGloss,ai,1000000,新含義標題,detail.newMeaningGloss,ai,1000000,新含义简述,detail.newMeaningGloss,ai,1000000,新含義標題,detail.newMeaningGloss,ai,1000000
No expressions found. Try different search terms or create a new expression.,detail.noExpressionsFound,ai,1000000,No se encontraron expresiones. Prueba con términos de búsqueda diferentes o crea una nueva expresión.,detail.noExpressionsFound,ai,1000000,Aucune expression trouvée. Essayez des termes de recherche différents ou créez une nouvelle expression.,detail.noExpressionsFound,ai,1000000,表現が見つかりません。別の検索語を試すか、新しい表現を作成してください。,detail.noExpressionsFound,ai,1000000,揣無語詞，請換別个尋揣詞抑是建立新語詞。,detail.noExpressionsFound,ai,1000000,未搵到詞句。請試下唔同嘅搜尋詞或建立新詞句。,detail.noExpressionsFound,ai,1000000,未找到词句。尝试不同的搜索词或创建新词句。,detail.noExpressionsFound,ai,1000000,未找到詞句。請嘗試不同的搜尋詞或建立新詞句。,detail.noExpressionsFound,ai,1000000
No meanings associated with this expression,detail.noMeanings,ai,1000000,No hay significados asociados con esta expresión,detail.noMeanings,ai,1000000,Aucune signification associée à cette expression,detail.noMeanings,ai,1000000,この表現に関連する意味はありません,detail.noMeanings,ai,1000000,這條語詞猶未關聯語意,detail.noMeanings,ai,1000000,呢句詞句未關聯任何含義,detail.noMeanings,ai,1000000,此词句未关联任何含义,detail.noMeanings,ai,1000000,此詞句未關聯任何含義,detail.noMeanings,ai,1000000
Search,detail.search,ai,1000000,Buscar,detail.search,ai,1000000,Recherche,detail.search,ai,1000000,検索,detail.search,ai,1000000,尋揣,detail.search,ai,1000000,搜尋,detail.search,ai,1000000,搜索,detail.search,ai,1000000,搜尋,detail.search,ai,1000000
Search expressions to associate...,detail.searchPlaceholder,ai,1000000,Buscar expresiones para asociar...,detail.searchPlaceholder,ai,1000000,Rechercher des expressions à associer...,detail.searchPlaceholder,ai,1000000,関連付ける表現を検索...,detail.searchPlaceholder,ai,1000000,尋揣欲關聯个語詞…,detail.searchPlaceholder,ai,1000000,搜尋要關聯嘅詞句...,detail.searchPlaceholder,ai,1000000,搜索要关联的词句...,detail.searchPlaceholder,ai,1000000,搜尋要關聯的詞句...,detail.searchPlaceholder,ai,1000000
Searching...,detail.searching,ai,1000000,Buscando...,detail.searching,ai,1000000,Recherche en cours...,detail.searching,ai,1000000,検索中...,detail.searching,ai,1000000,尋揣中…,detail.searching,ai,1000000,正在搜尋...,detail.searching,ai,1000000,搜索中...,detail.searching,ai,1000000,正在搜尋...,detail.searching,ai,1000000
-- Select meaning --,detail.selectMeaning,ai,1000000,-- Seleccionar significado --,detail.selectMeaning,ai,1000000,-- Sélectionner une signification --,detail.selectMeaning,ai,1000000,-- 意味を選択 --,detail.selectMeaning,ai,1000000,-- 揀語意 --,detail.selectMeaning,ai,1000000,-- 選擇含義 --,detail.selectMeaning,ai,1000000,-- 选择含义 --,detail.selectMeaning,ai,1000000,-- 選擇含義 --,detail.selectMeaning,ai,1000000
The verification link is invalid or has expired.,emailVerification.errorMessage,ai,1000000,El enlace de verificación no es válido o ha expirado.,emailVerification.errorMessage,ai,1000000,Le lien de vérification n'est pas valide ou a expiré.,emailVerification.errorMessage,ai,1000000,確認リンクが無効か、期限切れです。,emailVerification.errorMessage,ai,1000000,驗證連結無效抑是已經過期。,emailVerification.errorMessage,ai,1000000,驗證連結無效或者已經過期。,emailVerification.errorMessage,ai,1000000,验证链接无效或已过期。,emailVerification.errorMessage,ai,1000000,驗證連結無效或已過期。,emailVerification.errorMessage,ai,1000000
Email Verification Failed,emailVerification.errorTitle,ai,1000000,Error en la verificación del correo electrónico,emailVerification.errorTitle,ai,1000000,Échec de la vérification de l'e-mail,emailVerification.errorTitle,ai,1000000,メールアドレスの確認に失敗しました,emailVerification.errorTitle,ai,1000000,電子信箱驗證失敗,emailVerification.errorTitle,ai,1000000,電郵驗證失敗,emailVerification.errorTitle,ai,1000000,邮箱验证失败,emailVerification.errorTitle,ai,1000000,電子信箱驗證失敗,emailVerification.errorTitle,ai,1000000
Go to Login,emailVerification.goToLogin,ai,1000000,Ir a Iniciar Sesión,emailVerification.goToLogin,ai,1000000,Aller à la connexion,emailVerification.goToLogin,ai,1000000,ログインページへ,emailVerification.goToLogin,ai,1000000,前往登入,emailVerification.goToLogin,ai,1000000,前往登入,emailVerification.goToLogin,ai,1000000,前往登录,emailVerification.goToLogin,ai,1000000,前往登入,emailVerification.goToLogin,ai,1000000
Your email has been verified. You can now log in to your account.,emailVerification.successMessage,ai,1000000,Tu correo electrónico ha sido verificado. Ahora puedes iniciar sesión en tu cuenta.,emailVerification.successMessage,ai,1000000,Votre e-mail a été vérifié. Vous pouvez maintenant vous connecter à votre compte.,emailVerification.successMessage,ai,1000000,メールアドレスが確認されました。アカウントにログインできます。,emailVerification.successMessage,ai,1000000,汝个電子信箱已經驗證完成，這馬會使登入汝个帳號。,emailVerification.successMessage,ai,1000000,你嘅電郵已成功驗證，而家可以登入你嘅帳號。,emailVerification.successMessage,ai,1000000,您的邮箱已通过验证。您现在可以登录您的账户。,emailVerification.successMessage,ai,1000000,您的電子信箱已通過驗證。您現在可以登入您的帳號。,emailVerification.successMessage,ai,1000000
Email Verified Successfully!,emailVerification.successTitle,ai,1000000,¡Correo electrónico verificado con éxito!,emailVerification.successTitle,ai,1000000,E-mail vérifié avec succès !,emailVerification.successTitle,ai,1000000,メールアドレスの確認に成功しました！,emailVerification.successTitle,ai,1000000,電子信箱驗證成功！,emailVerification.successTitle,ai,1000000,電郵驗證成功！,emailVerification.successTitle,ai,1000000,邮箱验证成功！,emailVerification.successTitle,ai,1000000,電子信箱驗證成功！,emailVerification.successTitle,ai,1000000
Email Verification,emailVerification.title,ai,1000000,Verificación de correo electrónico,emailVerification.title,ai,1000000,Vérification de l'e-mail,emailVerification.title,ai,1000000,メールアドレスの確認,emailVerification.title,ai,1000000,電子信箱驗證,emailVerification.title,ai,1000000,電郵驗證,emailVerification.title,ai,1000000,邮箱验证,emailVerification.title,ai,1000000,電子信箱驗證,emailVerification.title,ai,1000000
Please wait while we verify your email address.,emailVerification.verifyingMessage,ai,1000000,"Por favor, espera mientras verificamos tu dirección de correo electrónico.",emailVerification.verifyingMessage,ai,1000000,Veuillez patienter pendant que nous vérifions votre adresse e-mail.,emailVerification.verifyingMessage,ai,1000000,メールアドレスを確認しています。しばらくお待ちください。,emailVerification.verifyingMessage,ai,1000000,請稍等，阮咧驗證汝个電子信箱地址。,emailVerification.verifyingMessage,ai,1000000,請稍等，我哋正喺度驗證你嘅電郵地址。,emailVerification.verifyingMessage,ai,1000000,请稍候，我们正在验证您的邮箱地址。,emailVerification.verifyingMessage,ai,1000000,請稍候，我們正在驗證您的電子信箱。,emailVerification.verifyingMessage,ai,1000000
Verifying your email,emailVerification.verifyingTitle,ai,1000000,Verificando tu correo electrónico,emailVerification.verifyingTitle,ai,1000000,Vérification de votre adresse e-mail,emailVerification.verifyingTitle,ai,1000000,メールアドレスを確認中,emailVerification.verifyingTitle,ai,1000000,咧驗證汝个電子信箱,emailVerification.verifyingTitle,ai,1000000,正在驗證你嘅電郵,emailVerification.verifyingTitle,ai,1000000,正在验证您的邮箱,emailVerification.verifyingTitle,ai,1000000,正在驗證您的電子信箱,emailVerification.verifyingTitle,ai,1000000
auto,expressionCard.auto,ai,1000000,auto,expressionCard.auto,ai,1000000,auto,expressionCard.auto,ai,1000000,自動,expressionCard.auto,ai,1000000,自動,expressionCard.auto,ai,1000000,自動,expressionCard.auto,ai,1000000,自动,expressionCard.auto,ai,1000000,自動,expressionCard.auto,ai,1000000
Global,expressionCard.global,ai,1000000,Global,expressionCard.global,ai,1000000,Global,expressionCard.global,ai,1000000,グローバル,expressionCard.global,ai,1000000,全球,expressionCard.global,ai,1000000,全球,expressionCard.global,ai,1000000,全球,expressionCard.global,ai,1000000,全球,expressionCard.global,ai,1000000
Play,expressionCard.play,ai,1000000,Reproducir,expressionCard.play,ai,1000000,Jouer,expressionCard.play,ai,1000000,再生,expressionCard.play,ai,1000000,播放,expressionCard.play,ai,1000000,播放,expressionCard.play,ai,1000000,播放,expressionCard.play,ai,1000000,播放,expressionCard.play,ai,1000000
© {year} langmap - Linguistic Expression Mapping Platform,footer.copyright,ai,1000000,© {year} langmap - Plataforma de mapeo de expresiones lingüísticas,footer.copyright,ai,1000000,© {year} langmap - Plateforme de cartographie des expressions linguistiques,footer.copyright,ai,1000000,© {year} langmap - 言語表現マッピングプラットフォーム,footer.copyright,ai,1000000,© {year} langmap - 多語言語詞對應平台,footer.copyright,ai,1000000,© {year} langmap - 語言詞句地圖平台,footer.copyright,ai,1000000,© {year} langmap - 多语言词句映射平台,footer.copyright,ai,1000000,© {year} langmap - 多語言詞句映射平台,footer.copyright,ai,1000000
Add Expression,home.addExpression,ai,1000000,Agregar expresión,home.addExpression,ai,1000000,Ajouter une expression,home.addExpression,ai,1000000,表現を追加,home.addExpression,ai,1000000,新增語詞,home.addExpression,ai,1000000,新增詞句,home.addExpression,ai,1000000,添加词句,home.addExpression,ai,1000000,新增詞句,home.addExpression,ai,1000000
Contribute to our database by adding expressions from your language or region.,home.addExpressionDesc,ai,1000000,Contribuye a nuestra base de datos agregando expresiones de tu idioma o región.,home.addExpressionDesc,ai,1000000,Contribuez à notre base de données en ajoutant des expressions de votre langue ou région.,home.addExpressionDesc,ai,1000000,あなたの言語や地域の表現を追加して、私たちのデータベースに貢献してください。,home.addExpressionDesc,ai,1000000,用汝所在地區个語詞，來共資料庫增補内容。,home.addExpressionDesc,ai,1000000,透過新增你語言或地區嘅詞句為我哋資料庫作出貢獻。,home.addExpressionDesc,ai,1000000,通过添加您语言或地区的词句为我们的数据库做贡献。,home.addExpressionDesc,ai,1000000,通過新增您語言或地區的詞句為我們的資料庫做貢獻。,home.addExpressionDesc,ai,1000000
Add New →,home.addNew,ai,1000000,Agregar nueva →,home.addNew,ai,1000000,Ajouter nouveau →,home.addNew,ai,1000000,新規追加 →,home.addNew,ai,1000000,新增語詞 →,home.addNew,ai,1000000,新增新詞 →,home.addNew,ai,1000000,添加词句 →,home.addNew,ai,1000000,新增新詞 →,home.addNew,ai,1000000
Explore Map,home.exploreMap,ai,1000000,Explorar mapa,home.exploreMap,ai,1000000,Explorer la carte,home.exploreMap,ai,1000000,地図を探索,home.exploreMap,ai,1000000,探索地圖,home.exploreMap,ai,1000000,探索地圖,home.exploreMap,ai,1000000,探索地图,home.exploreMap,ai,1000000,探索地圖,home.exploreMap,ai,1000000
Visualize linguistic diversity on an interactive world map.,home.exploreMapDesc,ai,1000000,Visualiza la diversidad lingüística en un mapa mundial interactivo.,home.exploreMapDesc,ai,1000000,Visualisez la diversité linguistique sur une carte mondiale interactive.,home.exploreMapDesc,ai,1000000,インタラクティブな世界地図で言語の多様性を可視化。,home.exploreMapDesc,ai,1000000,用互動地圖看語言个分布佮變化。,home.exploreMapDesc,ai,1000000,喺互動式世界地圖上面視覺化語言多元化。,home.exploreMapDesc,ai,1000000,在交互式世界地图上可视化语言多样性。,home.exploreMapDesc,ai,1000000,在互動式世界地圖上視覺化語言多元化。,home.exploreMapDesc,ai,1000000
Expression Density,home.expressionDensity,ai,1000000,Densidad de expresiones,home.expressionDensity,ai,1000000,Densité des expressions,home.expressionDensity,ai,1000000,表現密度,home.expressionDensity,ai,1000000,語詞密度,home.expressionDensity,ai,1000000,詞句密度,home.expressionDensity,ai,1000000,词句密度,home.expressionDensity,ai,1000000,詞句密度,home.expressionDensity,ai,1000000
Get Started,home.getStarted,ai,1000000,Comenzar,home.getStarted,ai,1000000,Commencer,home.getStarted,ai,1000000,始めましょう,home.getStarted,ai,1000000,開始使用,home.getStarted,ai,1000000,開始使用,home.getStarted,ai,1000000,开始使用,home.getStarted,ai,1000000,開始使用,home.getStarted,ai,1000000
Expressions,home.heatmap.expressions,ai,1000000,Expresiones,home.heatmap.expressions,ai,1000000,Expressions,home.heatmap.expressions,ai,1000000,表現数,home.heatmap.expressions,ai,1000000,語詞數,home.heatmap.expressions,ai,1000000,詞句數,home.heatmap.expressions,ai,1000000,词句,home.heatmap.expressions,ai,1000000,詞句數,home.heatmap.expressions,ai,1000000
Language,home.heatmap.language,ai,1000000,Idioma,home.heatmap.language,ai,1000000,Langue,home.heatmap.language,ai,1000000,言語,home.heatmap.language,ai,1000000,語言,home.heatmap.language,ai,1000000,語言,home.heatmap.language,ai,1000000,语言,home.heatmap.language,ai,1000000,語言,home.heatmap.language,ai,1000000
Region,home.heatmap.region,ai,1000000,Región,home.heatmap.region,ai,1000000,Région,home.heatmap.region,ai,1000000,地域,home.heatmap.region,ai,1000000,地區,home.heatmap.region,ai,1000000,地區,home.heatmap.region,ai,1000000,地区,home.heatmap.region,ai,1000000,地區,home.heatmap.region,ai,1000000
Unknown,home.heatmap.unknown,ai,1000000,Desconocido,home.heatmap.unknown,ai,1000000,Inconnu,home.heatmap.unknown,ai,1000000,不明,home.heatmap.unknown,ai,1000000,未知,home.heatmap.unknown,ai,1000000,未知,home.heatmap.unknown,ai,1000000,未知,home.heatmap.unknown,ai,1000000,未知,home.heatmap.unknown,ai,1000000
High,home.high,ai,1000000,Alto,home.high,ai,1000000,Élevé,home.high,ai,1000000,高,home.high,ai,1000000,高,home.high,ai,1000000,高,home.high,ai,1000000,高,home.high,ai,1000000,高,home.high,ai,1000000
Languages,home.languages,ai,1000000,Idiomas,home.languages,ai,1000000,Langues,home.languages,ai,1000000,言語,home.languages,ai,1000000,語言,home.languages,ai,1000000,語言,home.languages,ai,1000000,语言,home.languages,ai,1000000,語言,home.languages,ai,1000000
Loading map...,home.loadingMap,ai,1000000,Cargando mapa...,home.loadingMap,ai,1000000,Chargement de la carte...,home.loadingMap,ai,1000000,地図を読み込み中...,home.loadingMap,ai,1000000,地圖載入中…,home.loadingMap,ai,1000000,正在載入地圖...,home.loadingMap,ai,1000000,加载地图中...,home.loadingMap,ai,1000000,正在載入地圖...,home.loadingMap,ai,1000000
Low,home.low,ai,1000000,Bajo,home.low,ai,1000000,Faible,home.low,ai,1000000,低,home.low,ai,1000000,低,home.low,ai,1000000,低,home.low,ai,1000000,低,home.low,ai,1000000,低,home.low,ai,1000000
Explore the richness of linguistic expressions across different regions. Larger circles indicate more expressions in that area.,home.mapDescription,ai,1000000,Explora la riqueza de las expresiones lingüísticas en diferentes regiones. Los círculos más grandes indican más expresiones en esa área.,home.mapDescription,ai,1000000,Explorez la richesse des expressions linguistiques dans différentes régions. Les cercles plus grands indiquent davantage d'expressions dans cette zone.,home.mapDescription,ai,1000000,さまざまな地域における言語表現の豊かさを探求します。円が大きいほど、その地域の表現がより多くなっています。,home.mapDescription,ai,1000000,來探索世界各地語言个多元化。圓圈愈大，代表彼个地區个語詞愈濟。,home.mapDescription,ai,1000000,探索唔同地區嘅語言豐富性。圓圈越大表示該地區詞句越多。,home.mapDescription,ai,1000000,探索不同地区语言表达的丰富性。较大的圆圈表示该区域有更多词句。,home.mapDescription,ai,1000000,探索不同地區的語言豐富性。圓圈越大表示該地區詞句越多。,home.mapDescription,ai,1000000
Global Language Distribution,home.mapTitle,ai,1000000,Distribución global del idioma,home.mapTitle,ai,1000000,Distribution mondiale des langues,home.mapTitle,ai,1000000,グローバル言語分布,home.mapTitle,ai,1000000,世界語言分布圖,home.mapTitle,ai,1000000,全球語言分佈,home.mapTitle,ai,1000000,全球语言分布,home.mapTitle,ai,1000000,全球語言分佈,home.mapTitle,ai,1000000
Medium,home.medium,ai,1000000,Medio,home.medium,ai,1000000,Moyen,home.medium,ai,1000000,中,home.medium,ai,1000000,中,home.medium,ai,1000000,中,home.medium,ai,1000000,中,home.medium,ai,1000000,中,home.medium,ai,1000000
Regions,home.regions,ai,1000000,Regiones,home.regions,ai,1000000,Régions,home.regions,ai,1000000,地域,home.regions,ai,1000000,地區,home.regions,ai,1000000,地區,home.regions,ai,1000000,地区,home.regions,ai,1000000,地區,home.regions,ai,1000000
Search,home.searchButton,ai,1000000,Buscar,home.searchButton,ai,1000000,Recherche,home.searchButton,ai,1000000,検索,home.searchButton,ai,1000000,尋揣,home.searchButton,ai,1000000,搜尋,home.searchButton,ai,1000000,搜索,home.searchButton,ai,1000000,搜尋,home.searchButton,ai,1000000
Search Expressions,home.searchExpressions,ai,1000000,Buscar expresiones,home.searchExpressions,ai,1000000,Rechercher des expressions,home.searchExpressions,ai,1000000,表現を検索,home.searchExpressions,ai,1000000,尋揣語詞,home.searchExpressions,ai,1000000,搜尋詞句,home.searchExpressions,ai,1000000,搜索词句,home.searchExpressions,ai,1000000,搜尋詞句,home.searchExpressions,ai,1000000
Find how words and sentences are expressed across different languages and regions.,home.searchExpressionsDesc,ai,1000000,Encuentra cómo se expresan palabras y oraciones en diferentes idiomas y regiones.,home.searchExpressionsDesc,ai,1000000,Trouvez comment les mots et les phrases sont exprimés dans différentes langues et régions.,home.searchExpressionsDesc,ai,1000000,さまざまな言語や地域で単語や文がどのように表現されているかを見つけます。,home.searchExpressionsDesc,ai,1000000,查各語言、各地區个講法佮表達方式。,home.searchExpressionsDesc,ai,1000000,查找唔同語言同地區入面詞語同句子嘅表達方式。,home.searchExpressionsDesc,ai,1000000,查找不同语言和地区中词汇和句子的词句。,home.searchExpressionsDesc,ai,1000000,查找不同語言和地區中詞語和句子的表達方式。,home.searchExpressionsDesc,ai,1000000
Search for an expression...,home.searchPlaceholder,ai,1000000,Buscar una expresión...,home.searchPlaceholder,ai,1000000,Rechercher une expression...,home.searchPlaceholder,ai,1000000,表現を検索...,home.searchPlaceholder,ai,1000000,尋揣語詞…,home.searchPlaceholder,ai,1000000,搜尋詞句...,home.searchPlaceholder,ai,1000000,搜索词句...,home.searchPlaceholder,ai,1000000,搜尋詞句...,home.searchPlaceholder,ai,1000000
Start Searching →,home.startSearching,ai,1000000,Comenzar búsqueda →,home.startSearching,ai,1000000,Commencer la recherche →,home.startSearching,ai,1000000,検索を開始 →,home.startSearching,ai,1000000,開始尋揣 →,home.startSearching,ai,1000000,開始搜尋 →,home.startSearching,ai,1000000,开始搜索 →,home.startSearching,ai,1000000,開始搜尋 →,home.startSearching,ai,1000000
"Learn New Languages, Preserve Linguistic Diversity",home.subtitle,ai,1000000,"Aprende Nuevos Idiomas, Preserva la Diversidad Lingüística",home.subtitle,ai,1000000,"Apprenez de Nouvelles Langues, Préservez la Diversité Linguistique",home.subtitle,ai,1000000,新しい言語を学び、言語の多様性を守る,home.subtitle,ai,1000000,學新語言，做伙保護語言个多元化,home.subtitle,ai,1000000,學習新語言，一齊守住語言嘅多元化,home.subtitle,ai,1000000,学习新语言，守护语言多样性,home.subtitle,ai,1000000,學習新語言，守護語言多元化,home.subtitle,ai,1000000
Connect All Languages,home.title,ai,1000000,Conecta Todas las Lenguas,home.title,ai,1000000,Relier Toutes les Langues,home.title,ai,1000000,すべての言語をつなぐ,home.title,ai,1000000,串連起所有个語言,home.title,ai,1000000,連埋晒所有嘅語言,home.title,ai,1000000,连接所有语言,home.title,ai,1000000,連結所有語言,home.title,ai,1000000
Total Expressions,home.totalExpressions,ai,1000000,Expresiones totales,home.totalExpressions,ai,1000000,Total des expressions,home.totalExpressions,ai,1000000,総表現数,home.totalExpressions,ai,1000000,語詞總數,home.totalExpressions,ai,1000000,總詞句數,home.totalExpressions,ai,1000000,总词句数,home.totalExpressions,ai,1000000,總詞句數,home.totalExpressions,ai,1000000
View Map →,home.viewMap,ai,1000000,Ver mapa →,home.viewMap,ai,1000000,Voir la carte →,home.viewMap,ai,1000000,地図を表示 →,home.viewMap,ai,1000000,看地圖 →,home.viewMap,ai,1000000,檢視地圖 →,home.viewMap,ai,1000000,查看地图 →,home.viewMap,ai,1000000,檢視地圖 →,home.viewMap,ai,1000000
Create a new account,login.createAccount,ai,1000000,Crear una cuenta nueva,login.createAccount,ai,1000000,Créer un nouveau compte,login.createAccount,ai,1000000,新しいアカウントを作成,login.createAccount,ai,1000000,建立新帳號,login.createAccount,ai,1000000,建立新帳戶,login.createAccount,ai,1000000,创建新账户,login.createAccount,ai,1000000,建立新帳戶,login.createAccount,ai,1000000
Enter your credentials to access your account,login.description,ai,1000000,Ingresa tus credenciales para acceder a tu cuenta,login.description,ai,1000000,Entrez vos identifiants pour accéder à votre compte,login.description,ai,1000000,アカウントにアクセスするには資格情報を入力してください,login.description,ai,1000000,請輸入汝个帳號資料來使用服務,login.description,ai,1000000,輸入你嘅登入資料以存取帳戶,login.description,ai,1000000,输入您的凭据以访问您的账户,login.description,ai,1000000,輸入您的憑據以存取您的帳戶,login.description,ai,1000000
Email address,login.email,ai,1000000,Dirección de correo electrónico,login.email,ai,1000000,Adresse e-mail,login.email,ai,1000000,メールアドレス,login.email,ai,1000000,電子信箱,login.email,ai,1000000,電郵地址,login.email,ai,1000000,邮箱地址,login.email,ai,1000000,電子信箱,login.email,ai,1000000
Forgot your password?,login.forgotPassword,ai,1000000,¿Olvidaste tu contraseña?,login.forgotPassword,ai,1000000,Mot de passe oublié ?,login.forgotPassword,ai,1000000,パスワードをお忘れですか？,login.forgotPassword,ai,1000000,忘記密碼？,login.forgotPassword,ai,1000000,忘記密碼？,login.forgotPassword,ai,1000000,忘记密码？,login.forgotPassword,ai,1000000,忘記密碼？,login.forgotPassword,ai,1000000
Login failed. Please check your credentials and try again.,login.loginFailed,ai,1000000,"Error de inicio de sesión. Por favor, verifica tus credenciales e inténtalo de nuevo.",login.loginFailed,ai,1000000,Échec de la connexion. Veuillez vérifier vos identifiants et réessayer.,login.loginFailed,ai,1000000,ログインに失敗しました。資格情報を確認してもう一度お試しください。,login.loginFailed,ai,1000000,登入失敗。請確認汝个資料，閣重試看覓。,login.loginFailed,ai,1000000,登入失敗。請檢查你嘅資料再試一次。,login.loginFailed,ai,1000000,登录失败。请检查您的凭据并重试。,login.loginFailed,ai,1000000,登入失敗。請檢查您的憑據並重試。,login.loginFailed,ai,1000000
Or,login.or,ai,1000000,O,login.or,ai,1000000,Ou,login.or,ai,1000000,または,login.or,ai,1000000,抑是,login.or,ai,1000000,或者,login.or,ai,1000000,或,login.or,ai,1000000,或,login.or,ai,1000000
Password,login.password,ai,1000000,Contraseña,login.password,ai,1000000,Mot de passe,login.password,ai,1000000,パスワード,login.password,ai,1000000,密碼,login.password,ai,1000000,密碼,login.password,ai,1000000,密码,login.password,ai,1000000,密碼,login.password,ai,1000000
Remember me,login.rememberMe,ai,1000000,Recuérdame,login.rememberMe,ai,1000000,Se souvenir de moi,login.rememberMe,ai,1000000,ログイン情報を保存する,login.rememberMe,ai,1000000,記住我,login.rememberMe,ai,1000000,記住我,login.rememberMe,ai,1000000,记住我,login.rememberMe,ai,1000000,記住我,login.rememberMe,ai,1000000
Sign in,login.signIn,ai,1000000,Iniciar sesión,login.signIn,ai,1000000,Se connecter,login.signIn,ai,1000000,サインイン,login.signIn,ai,1000000,登入,login.signIn,ai,1000000,登入,login.signIn,ai,1000000,登录,login.signIn,ai,1000000,登入,login.signIn,ai,1000000
Signing in...,login.signingIn,ai,1000000,Iniciando sesión...,login.signingIn,ai,1000000,Connexion en cours...,login.signingIn,ai,1000000,サインイン中...,login.signingIn,ai,1000000,登入中...,login.signingIn,ai,1000000,登入緊…,login.signingIn,ai,1000000,登录中...,login.signingIn,ai,1000000,登入中...,login.signingIn,ai,1000000
Sign in to your account,login.title,ai,1000000,Inicia sesión en tu cuenta,login.title,ai,1000000,Connectez-vous à votre compte,login.title,ai,1000000,アカウントにサインイン,login.title,ai,1000000,登入汝个帳號,login.title,ai,1000000,登入你嘅帳戶,login.title,ai,1000000,登录您的账户,login.title,ai,1000000,登入您的帳戶,login.title,ai,1000000
About,nav.about,ai,1000000,Acerca de,nav.about,ai,1000000,À propos,nav.about,ai,1000000,概要,nav.about,ai,1000000,關於,nav.about,ai,1000000,關於,nav.about,ai,1000000,关于,nav.about,ai,1000000,關於,nav.about,ai,1000000
✨ Add New Language,nav.addLanguage,ai,1000000,✨ Agregar idioma,nav.addLanguage,ai,1000000,✨ Ajouter une langue,nav.addLanguage,ai,1000000,✨ 新しい言語を追加,nav.addLanguage,ai,1000000,✨ 新增語言,nav.addLanguage,ai,1000000,✨ 新增語言,nav.addLanguage,ai,1000000,✨ 添加新语言,nav.addLanguage,ai,1000000,✨ 新增語言,nav.addLanguage,ai,1000000
🛠️ Assist Translation,nav.assistTranslation,ai,1000000,🛠️ Ayudar a traducir,nav.assistTranslation,ai,1000000,Aider à traduire,nav.assistTranslation,ai,1000000,🛠️ 翻訳支援,nav.assistTranslation,ai,1000000,🛠️ 鬥相共翻譯,nav.assistTranslation,ai,1000000,🛠️ 幫手翻譯,nav.assistTranslation,ai,1000000,🛠️ 协助翻译,nav.assistTranslation,ai,1000000,🛠️ 協助翻譯,nav.assistTranslation,ai,1000000
Collections,nav.collections,ai,1000000,Colecciones,nav.collections,ai,1000000,Collections,nav.collections,ai,1000000,コレクション,nav.collections,ai,1000000,收藏集,nav.collections,ai,1000000,收藏集,nav.collections,ai,1000000,收藏集,nav.collections,ai,1000000,收藏集,nav.collections,ai,1000000
Home,nav.home,ai,1000000,Inicio,nav.home,ai,1000000,Accueil,nav.home,ai,1000000,ホーム,nav.home,ai,1000000,頭頁,nav.home,ai,1000000,主頁,nav.home,ai,1000000,首页,nav.home,ai,1000000,主頁,nav.home,ai,1000000
Login,nav.login,ai,1000000,Iniciar sesión,nav.login,ai,1000000,Connexion,nav.login,ai,1000000,ログイン,nav.login,ai,1000000,登入,nav.login,ai,1000000,登入,nav.login,ai,1000000,登录,nav.login,ai,1000000,登入,nav.login,ai,1000000
Logout,nav.logout,ai,1000000,Cerrar sesión,nav.logout,ai,1000000,Déconnexion,nav.logout,ai,1000000,ログアウト,nav.logout,ai,1000000,登出,nav.logout,ai,1000000,登出,nav.logout,ai,1000000,退出登录,nav.logout,ai,1000000,登出,nav.logout,ai,1000000
Profile,nav.profile,ai,1000000,Perfil,nav.profile,ai,1000000,Profil,nav.profile,ai,1000000,プロフィール,nav.profile,ai,1000000,個人資料,nav.profile,ai,1000000,個人資料,nav.profile,ai,1000000,个人资料,nav.profile,ai,1000000,個人資料,nav.profile,ai,1000000
Register,nav.register,ai,1000000,Registrarse,nav.register,ai,1000000,S'inscrire,nav.register,ai,1000000,登録,nav.register,ai,1000000,註冊,nav.register,ai,1000000,註冊,nav.register,ai,1000000,注册,nav.register,ai,1000000,註冊,nav.register,ai,1000000
Search,nav.search,ai,1000000,Buscar,nav.search,ai,1000000,Rechercher,nav.search,ai,1000000,検索,nav.search,ai,1000000,尋揣,nav.search,ai,1000000,搜尋,nav.search,ai,1000000,搜索,nav.search,ai,1000000,搜尋,nav.search,ai,1000000
Translate,nav.translate,ai,1000000,Traducir,nav.translate,ai,1000000,Traduire,nav.translate,ai,1000000,翻訳,nav.translate,ai,1000000,翻譯,nav.translate,ai,1000000,翻譯,nav.translate,ai,1000000,翻译,nav.translate,ai,1000000,翻譯,nav.translate,ai,1000000
I agree to the,register.agreeToTerms,ai,1000000,Estoy de acuerdo con los,register.agreeToTerms,ai,1000000,J'accepte les,register.agreeToTerms,ai,1000000,私は同意します,register.agreeToTerms,ai,1000000,我同意,register.agreeToTerms,ai,1000000,我同意,register.agreeToTerms,ai,1000000,我同意,register.agreeToTerms,ai,1000000,我同意,register.agreeToTerms,ai,1000000
and,register.and,ai,1000000,y,register.and,ai,1000000,et,register.and,ai,1000000,および,register.and,ai,1000000,佮,register.and,ai,1000000,同,register.and,ai,1000000,和,register.and,ai,1000000,和,register.and,ai,1000000
Check your email,register.checkEmail,ai,1000000,Revisa tu correo electrónico,register.checkEmail,ai,1000000,Vérifiez votre e-mail,register.checkEmail,ai,1000000,メールを確認,register.checkEmail,ai,1000000,檢查汝个電子信箱,register.checkEmail,ai,1000000,檢查你嘅電郵,register.checkEmail,ai,1000000,检查您的邮箱,register.checkEmail,ai,1000000,檢查您的信箱,register.checkEmail,ai,1000000
Confirm password,register.confirmPassword,ai,1000000,Confirmar contraseña,register.confirmPassword,ai,1000000,Confirmer le mot de passe,register.confirmPassword,ai,1000000,パスワードを確認,register.confirmPassword,ai,1000000,確認密碼,register.confirmPassword,ai,1000000,確認密碼,register.confirmPassword,ai,1000000,确认密码,register.confirmPassword,ai,1000000,確認密碼,register.confirmPassword,ai,1000000
Fill in the information below to create your account,register.description,ai,1000000,Completa la siguiente información para crear tu cuenta,register.description,ai,1000000,Remplissez les informations ci-dessous pour créer votre compte,register.description,ai,1000000,以下の情報を入力してアカウントを作成してください,register.description,ai,1000000,請填寫下底个資料來建立汝个帳號,register.description,ai,1000000,填寫以下資料以建立你嘅帳戶,register.description,ai,1000000,填写以下信息以创建您的账户,register.description,ai,1000000,填寫以下資訊以建立您的帳戶,register.description,ai,1000000
Email address,register.email,ai,1000000,Dirección de correo electrónico,register.email,ai,1000000,Adresse e-mail,register.email,ai,1000000,メールアドレス,register.email,ai,1000000,電子信箱,register.email,ai,1000000,電郵地址,register.email,ai,1000000,邮箱地址,register.email,ai,1000000,電子信箱,register.email,ai,1000000
Go to Login,register.goToLogin,ai,1000000,Ir a iniciar sesión,register.goToLogin,ai,1000000,Aller à la connexion,register.goToLogin,ai,1000000,ログインへ,register.goToLogin,ai,1000000,前往登入,register.goToLogin,ai,1000000,前往登入,register.goToLogin,ai,1000000,前往登录,register.goToLogin,ai,1000000,前往登入,register.goToLogin,ai,1000000
Or,register.or,ai,1000000,O,register.or,ai,1000000,Ou,register.or,ai,1000000,または,register.or,ai,1000000,抑是,register.or,ai,1000000,或者,register.or,ai,1000000,或,register.or,ai,1000000,或,register.or,ai,1000000
Password,register.password,ai,1000000,Contraseña,register.password,ai,1000000,Mot de passe,register.password,ai,1000000,パスワード,register.password,ai,1000000,密碼,register.password,ai,1000000,密碼,register.password,ai,1000000,密码,register.password,ai,1000000,密碼,register.password,ai,1000000
Passwords do not match.,register.passwordMismatch,ai,1000000,Las contraseñas no coinciden.,register.passwordMismatch,ai,1000000,Les mots de passe ne correspondent pas.,register.passwordMismatch,ai,1000000,パスワードが一致しません。,register.passwordMismatch,ai,1000000,密碼無仝。,register.passwordMismatch,ai,1000000,兩次輸入嘅密碼唔一致。,register.passwordMismatch,ai,1000000,密码不匹配。,register.passwordMismatch,ai,1000000,密碼不相符。,register.passwordMismatch,ai,1000000
Privacy Policy,register.privacyPolicy,ai,1000000,Política de privacidad,register.privacyPolicy,ai,1000000,Politique de confidentialité,register.privacyPolicy,ai,1000000,プライバシーポリシー,register.privacyPolicy,ai,1000000,隱私權政策,register.privacyPolicy,ai,1000000,私隱政策,register.privacyPolicy,ai,1000000,隐私政策,register.privacyPolicy,ai,1000000,隱私政策,register.privacyPolicy,ai,1000000
Registration failed. Please check your information and try again.,register.registrationFailed,ai,1000000,"Registro fallido. Por favor, verifica tu información e inténtalo de nuevo.",register.registrationFailed,ai,1000000,Échec de l'inscription. Veuillez vérifier vos informations et réessayer.,register.registrationFailed,ai,1000000,登録に失敗しました。情報を確認してもう一度お試しください。,register.registrationFailed,ai,1000000,註冊失敗。請確認資料，閣重試看覓。,register.registrationFailed,ai,1000000,註冊失敗。請檢查你嘅資料再試。,register.registrationFailed,ai,1000000,注册失败。请检查您的信息并重试。,register.registrationFailed,ai,1000000,註冊失敗。請檢查您的資訊並重試。,register.registrationFailed,ai,1000000
Thank you for registering. Please check your email to verify your account.,register.registrationSuccessMessage,ai,1000000,"Gracias por registrarte. Por favor, revisa tu correo electrónico para verificar tu cuenta.",register.registrationSuccessMessage,ai,1000000,Merci pour votre inscription. Veuillez vérifier votre e-mail pour valider votre compte.,register.registrationSuccessMessage,ai,1000000,ご登録ありがとうございます。アカウントを確認するためにメールをご確認ください。,register.registrationSuccessMessage,ai,1000000,感謝汝个註冊。請檢查汝个電子信箱來驗證帳號。,register.registrationSuccessMessage,ai,1000000,多謝你嘅註冊，請檢查你嘅電郵以完成帳號驗證。,register.registrationSuccessMessage,ai,1000000,感谢您的注册。请检查您的邮箱以验证账户。,register.registrationSuccessMessage,ai,1000000,感謝您的註冊。請檢查您的信箱以驗證帳戶。,register.registrationSuccessMessage,ai,1000000
Registration Successful!,register.registrationSuccessTitle,ai,1000000,¡Registro exitoso!,register.registrationSuccessTitle,ai,1000000,Inscription réussie !,register.registrationSuccessTitle,ai,1000000,登録成功！,register.registrationSuccessTitle,ai,1000000,註冊成功！,register.registrationSuccessTitle,ai,1000000,註冊成功！,register.registrationSuccessTitle,ai,1000000,注册成功！,register.registrationSuccessTitle,ai,1000000,註冊成功！,register.registrationSuccessTitle,ai,1000000
Sign in to existing account,register.signIn,ai,1000000,Iniciar sesión en una cuenta existente,register.signIn,ai,1000000,Se connecter à un compte existant,register.signIn,ai,1000000,既存のアカウントにサインイン,register.signIn,ai,1000000,登入原本个帳號,register.signIn,ai,1000000,登入現有帳戶,register.signIn,ai,1000000,登录现有账户,register.signIn,ai,1000000,登入現有帳戶,register.signIn,ai,1000000
Sign up,register.signUp,ai,1000000,Registrarse,register.signUp,ai,1000000,S'inscrire,register.signUp,ai,1000000,サインアップ,register.signUp,ai,1000000,註冊,register.signUp,ai,1000000,註冊,register.signUp,ai,1000000,注册,register.signUp,ai,1000000,註冊,register.signUp,ai,1000000
Signing up...,register.signingUp,ai,1000000,Registrándose...,register.signingUp,ai,1000000,Inscription en cours...,register.signingUp,ai,1000000,サインアップ中...,register.signingUp,ai,1000000,註冊中...,register.signingUp,ai,1000000,註冊緊…,register.signingUp,ai,1000000,注册中...,register.signingUp,ai,1000000,註冊中...,register.signingUp,ai,1000000
Terms of Service,register.termsOfService,ai,1000000,Términos de servicio,register.termsOfService,ai,1000000,Conditions d'utilisation,register.termsOfService,ai,1000000,利用規約,register.termsOfService,ai,1000000,服務條款,register.termsOfService,ai,1000000,服務條款,register.termsOfService,ai,1000000,服务条款,register.termsOfService,ai,1000000,服務條款,register.termsOfService,ai,1000000
Create a new account,register.title,ai,1000000,Crear una cuenta nueva,register.title,ai,1000000,Créer un nouveau compte,register.title,ai,1000000,新しいアカウントを作成,register.title,ai,1000000,建立新帳號,register.title,ai,1000000,建立新帳戶,register.title,ai,1000000,创建新账户,register.title,ai,1000000,建立新帳戶,register.title,ai,1000000
Username,register.username,ai,1000000,Nombre de usuario,register.username,ai,1000000,Nom d'utilisateur,register.username,ai,1000000,ユーザー名,register.username,ai,1000000,使用者名稱,register.username,ai,1000000,用戶名稱,register.username,ai,1000000,用户名,register.username,ai,1000000,使用者名稱,register.username,ai,1000000
"Add ""{expression}""",search.addExpression,ai,1000000,"Agregar ""{expression}""",search.addExpression,ai,1000000,"Ajouter ""{expression}""",search.addExpression,ai,1000000,"""{expression}"" を追加",search.addExpression,ai,1000000,新增「{expression}」,search.addExpression,ai,1000000,"新增""{expression}""",search.addExpression,ai,1000000,"添加 ""{expression}""",search.addExpression,ai,1000000,"新增""{expression}""",search.addExpression,ai,1000000
Search,search.button,ai,1000000,Buscar,search.button,ai,1000000,Recherche,search.button,ai,1000000,検索,search.button,ai,1000000,尋揣,search.button,ai,1000000,搜尋,search.button,ai,1000000,搜索,search.button,ai,1000000,搜尋,search.button,ai,1000000
Find linguistic expressions across languages and regions,search.description,ai,1000000,Encuentra expresiones lingüísticas en idiomas y regiones,search.description,ai,1000000,Trouvez des expressions linguistiques dans différentes langues et régions,search.description,ai,1000000,さまざまな言語や地域の言語表現を見つける,search.description,ai,1000000,跨語言、跨地區查語詞,search.description,ai,1000000,跨語言同地區查詢語言詞句,search.description,ai,1000000,查找跨语言和地区的词句,search.description,ai,1000000,跨語言和地區查詢詞句,search.description,ai,1000000
Found {count} expression{plural},search.foundExpressions,ai,1000000,Se encontraron {count} expresión{plural},search.foundExpressions,ai,1000000,Trouvé {count} expression{plural},search.foundExpressions,ai,1000000,{count} 件の表現が見つかりました,search.foundExpressions,ai,1000000,總共揣著 {count} 條語詞,search.foundExpressions,ai,1000000,搵到 {count} 條詞句,search.foundExpressions,ai,1000000,找到 {count} 个词句,search.foundExpressions,ai,1000000,找到 {count} 條詞句,search.foundExpressions,ai,1000000
new expression,search.newExpression,ai,1000000,nueva expresión,search.newExpression,ai,1000000,nouvelle expression,search.newExpression,ai,1000000,新しい表現,search.newExpression,ai,1000000,新語詞,search.newExpression,ai,1000000,新詞句,search.newExpression,ai,1000000,新词句,search.newExpression,ai,1000000,新詞句,search.newExpression,ai,1000000
No results found,search.noResults,ai,1000000,No se encontraron resultados,search.noResults,ai,1000000,Aucun résultat trouvé,search.noResults,ai,1000000,結果が見つかりません,search.noResults,ai,1000000,揣無資料,search.noResults,ai,1000000,未搵到結果,search.noResults,ai,1000000,未找到结果,search.noResults,ai,1000000,未找到結果,search.noResults,ai,1000000
Enter a word or sentence...,search.placeholder,ai,1000000,Ingresa una palabra o oración...,search.placeholder,ai,1000000,Entrez un mot ou une phrase...,search.placeholder,ai,1000000,単語や文を入力...,search.placeholder,ai,1000000,請輸入欲查个語詞…,search.placeholder,ai,1000000,輸入詞語或句子...,search.placeholder,ai,1000000,输入单词或句子...,search.placeholder,ai,1000000,輸入詞語或句子...,search.placeholder,ai,1000000
s,search.plural,ai,1000000,es,search.plural,ai,1000000,s,search.plural,ai,1000000,,search.plural,ai,1000000,,search.plural,ai,1000000,,search.plural,ai,1000000,,search.plural,ai,1000000,,search.plural,ai,1000000
Searching expressions...,search.searching,ai,1000000,Buscando expresiones...,search.searching,ai,1000000,Recherche d'expressions...,search.searching,ai,1000000,表現を検索中...,search.searching,ai,1000000,尋揣中…,search.searching,ai,1000000,正在搜尋詞句...,search.searching,ai,1000000,搜索词句中...,search.searching,ai,1000000,正在搜尋詞句...,search.searching,ai,1000000
Search Expressions,search.title,ai,1000000,Buscar expresiones,search.title,ai,1000000,Rechercher des expressions,search.title,ai,1000000,表現を検索,search.title,ai,1000000,尋揣語詞,search.title,ai,1000000,搜尋詞句,search.title,ai,1000000,搜索词句,search.title,ai,1000000,搜尋詞句,search.title,ai,1000000
Try different search terms or add a new expression,search.tryDifferent,ai,1000000,Prueba con términos de búsqueda diferentes o agrega una nueva expresión,search.tryDifferent,ai,1000000,Essayez des termes de recherche différents ou ajoutez une nouvelle expression,search.tryDifferent,ai,1000000,別の検語を試すか、新しい表現を追加してください,search.tryDifferent,ai,1000000,試看覓換別个語詞，抑是新增一條新个語詞。,search.tryDifferent,ai,1000000,試下唔同嘅搜尋詞或者新增新詞句,search.tryDifferent,ai,1000000,尝试不同的搜索词或添加新词句,search.tryDifferent,ai,1000000,嘗試不同的搜尋詞或新增詞句,search.tryDifferent,ai,1000000
Action,translate.action,ai,1000000,Acción,translate.action,ai,1000000,Action,translate.action,ai,1000000,アクション,translate.action,ai,1000000,動作,translate.action,ai,1000000,操作,translate.action,ai,1000000,操作,translate.action,ai,1000000,操作,translate.action,ai,1000000
Copy reference translation to target,translate.copyReference,ai,1000000,Copiar la traducción de referencia al objetivo,translate.copyReference,ai,1000000,Copiar la traducción de référence al objetivo,translate.copyReference,ai,1000000,参照翻訳を対象にコピー,translate.copyReference,ai,1000000,拷貝參考翻譯到目標,translate.copyReference,ai,1000000,將參考翻譯複製到目標,translate.copyReference,ai,1000000,将参考翻译复制到目标,translate.copyReference,ai,1000000,將參考翻譯複製到目標,translate.copyReference,ai,1000000
All,translate.filterAll,ai,1000000,Todos,translate.filterAll,ai,1000000,Tous,translate.filterAll,ai,1000000,すべて,translate.filterAll,ai,1000000,全部,translate.filterAll,ai,1000000,全部,translate.filterAll,ai,1000000,全部,translate.filterAll,ai,1000000,全部,translate.filterAll,ai,1000000
Translated,translate.filterTranslated,ai,1000000,Traducido,translate.filterTranslated,ai,1000000,Traduits,translate.filterTranslated,ai,1000000,翻訳済み,translate.filterTranslated,ai,1000000,已經翻譯,translate.filterTranslated,ai,1000000,已翻譯,translate.filterTranslated,ai,1000000,已翻译,translate.filterTranslated,ai,1000000,已翻譯,translate.filterTranslated,ai,1000000
Untranslated,translate.filterUntranslated,ai,1000000,Sin traducir,translate.filterUntranslated,ai,1000000,Non traduits,translate.filterUntranslated,ai,1000000,未翻訳,translate.filterUntranslated,ai,1000000,猶未翻譯,translate.filterUntranslated,ai,1000000,未翻譯,translate.filterUntranslated,ai,1000000,未翻译,translate.filterUntranslated,ai,1000000,未翻譯,translate.filterUntranslated,ai,1000000
Please enter translation,translate.inputPlaceholder,ai,1000000,Por favor ingrese la traducción,translate.inputPlaceholder,ai,1000000,Veuillez entrer la traduction,translate.inputPlaceholder,ai,1000000,翻訳を入力してください,translate.inputPlaceholder,ai,1000000,請輸入翻譯內容,translate.inputPlaceholder,ai,1000000,請輸入翻譯,translate.inputPlaceholder,ai,1000000,请输入翻译,translate.inputPlaceholder,ai,1000000,請輸入翻譯,translate.inputPlaceholder,ai,1000000
Language Activated,translate.languageActivated,ai,1000000,Idioma Activado,translate.languageActivated,ai,1000000,Langue Activée,translate.languageActivated,ai,1000000,言語が有効になりました,translate.languageActivated,ai,1000000,語言已經啟用,translate.languageActivated,ai,1000000,語言已啟用,translate.languageActivated,ai,1000000,语言已激活,translate.languageActivated,ai,1000000,語言已啟用,translate.languageActivated,ai,1000000
Language Not Activated (completion rate needs to reach 60%),translate.languageNotActivated,ai,1000000,Idioma No Activado (la finalización debe alcanzar el 60%),translate.languageNotActivated,ai,1000000,Langue Non Activée (le taux d'achèvement doit atteindre 60 %),translate.languageNotActivated,ai,1000000,言語が無効（完了率は60％に達する必要があります）,translate.languageNotActivated,ai,1000000,語言猶未啟用（完成度愛超過 60%）,translate.languageNotActivated,ai,1000000,語言未啟用（完成度需要達到 60%）,translate.languageNotActivated,ai,1000000,语言未激活（完成度需达到60%）,translate.languageNotActivated,ai,1000000,語言未啟用（完成度需達到60%）,translate.languageNotActivated,ai,1000000
Localization Key,translate.localizationKey,ai,1000000,Clave de Localización,translate.localizationKey,ai,1000000,Clé de Localisation,translate.localizationKey,ai,1000000,ローカライズキー,translate.localizationKey,ai,1000000,在地化鍵,translate.localizationKey,ai,1000000,本地化鍵,translate.localizationKey,ai,1000000,本地化键,translate.localizationKey,ai,1000000,本地化鍵,translate.localizationKey,ai,1000000
Reference,translate.reference,ai,1000000,Referencia,translate.reference,ai,1000000,Référence,translate.reference,ai,1000000,参照,translate.reference,ai,1000000,參考,translate.reference,ai,1000000,參考,translate.reference,ai,1000000,参考,translate.reference,ai,1000000,參考,translate.reference,ai,1000000
Reference Language,translate.referenceLanguage,ai,1000000,Idioma de Referencia,translate.referenceLanguage,ai,1000000,Langue de Référence,translate.referenceLanguage,ai,1000000,参照言語,translate.referenceLanguage,ai,1000000,參考語言,translate.referenceLanguage,ai,1000000,參考語言,translate.referenceLanguage,ai,1000000,参考语言,translate.referenceLanguage,ai,1000000,參考語言,translate.referenceLanguage,ai,1000000
Reference and target languages cannot be the same,translate.sameLanguageError,ai,1000000,Los idiomas de referencia y destino no pueden ser iguales,translate.sameLanguageError,ai,1000000,Les langues de référence et cible ne peuvent pas être identiques,translate.sameLanguageError,ai,1000000,参照言語と対象言語は同じにできません,translate.sameLanguageError,ai,1000000,參考語言佮目標語言袂使仝款,translate.sameLanguageError,ai,1000000,參考語言同目標語言唔可以一樣,translate.sameLanguageError,ai,1000000,参考语言和目标语言不能相同,translate.sameLanguageError,ai,1000000,參考語言和目標語言不能相同,translate.sameLanguageError,ai,1000000
Save Translations ({ count }),translate.saveTranslations,ai,1000000,Guardar Traducciones ({ count }),translate.saveTranslations,ai,1000000,Enregistrer les Traductions ({ count }),translate.saveTranslations,ai,1000000,翻訳を保存 ({ count }),translate.saveTranslations,ai,1000000,儲存翻譯（{ count }）,translate.saveTranslations,ai,1000000,儲存翻譯 ({ count }),translate.saveTranslations,ai,1000000,保存翻译 ({ count }),translate.saveTranslations,ai,1000000,儲存翻譯 ({ count }),translate.saveTranslations,ai,1000000
Search localization keys...,translate.searchPlaceholder,ai,1000000,Buscar claves de localización...,translate.searchPlaceholder,ai,1000000,Rechercher des clés de localisation...,translate.searchPlaceholder,ai,1000000,ローカライズキーを検索...,translate.searchPlaceholder,ai,1000000,搜尋在地化鍵…,translate.searchPlaceholder,ai,1000000,搜尋本地化鍵...,translate.searchPlaceholder,ai,1000000,搜索本地化键...,translate.searchPlaceholder,ai,1000000,搜尋本地化鍵...,translate.searchPlaceholder,ai,1000000
Select Language,translate.selectLanguage,ai,1000000,Seleccionar Idioma,translate.selectLanguage,ai,1000000,Sélectionner la Langue,translate.selectLanguage,ai,1000000,言語を選択,translate.selectLanguage,ai,1000000,選擇語言,translate.selectLanguage,ai,1000000,選擇語言,translate.selectLanguage,ai,1000000,选择语言,translate.selectLanguage,ai,1000000,選擇語言,translate.selectLanguage,ai,1000000
Select target language,translate.selectTargetPlaceholder,ai,1000000,Seleccionar idioma de destino,translate.selectTargetPlaceholder,ai,1000000,Sélectionner la langue cible,translate.selectTargetPlaceholder,ai,1000000,ターゲット言語を選択してください,translate.selectTargetPlaceholder,ai,1000000,請選擇目標語言,translate.selectTargetPlaceholder,ai,1000000,請選擇目標語言,translate.selectTargetPlaceholder,ai,1000000,请选择目标语言,translate.selectTargetPlaceholder,ai,1000000,請選擇目標語言,translate.selectTargetPlaceholder,ai,1000000
Target,translate.target,ai,1000000,Destino,translate.target,ai,1000000,Cible,translate.target,ai,1000000,対象,translate.target,ai,1000000,目標,translate.target,ai,1000000,目標,translate.target,ai,1000000,目标,translate.target,ai,1000000,目標,translate.target,ai,1000000
Target Language,translate.targetLanguage,ai,1000000,Idioma de Destino,translate.targetLanguage,ai,1000000,Langue Cible,translate.targetLanguage,ai,1000000,対象言語,translate.targetLanguage,ai,1000000,目標語言,translate.targetLanguage,ai,1000000,目標語言,translate.targetLanguage,ai,1000000,目标语言,translate.targetLanguage,ai,1000000,目標語言,translate.targetLanguage,ai,1000000
Translation Interface,translate.title,ai,1000000,Interfaz de Traducción,translate.title,ai,1000000,Interface de Traduction,translate.title,ai,1000000,翻訳インターフェース,translate.title,ai,1000000,翻譯介面,translate.title,ai,1000000,翻譯介面,translate.title,ai,1000000,翻译界面,translate.title,ai,1000000,翻譯介面,translate.title,ai,1000000
Translation Progress,translate.translationProgress,ai,1000000,Progreso de Traducción,translate.translationProgress,ai,1000000,Progression de la Traduction,translate.translationProgress,ai,1000000,翻訳進行状況,translate.translationProgress,ai,1000000,翻譯進度,translate.translationProgress,ai,1000000,翻譯進度,translate.translationProgress,ai,1000000,翻译进度,translate.translationProgress,ai,1000000,翻譯進度,translate.translationProgress,ai,1000000
Actions,userProfile.actions,ai,1000000,Acciones,userProfile.actions,ai,1000000,Actions,userProfile.actions,ai,1000000,アクション,userProfile.actions,ai,1000000,動作,userProfile.actions,ai,1000000,操作,userProfile.actions,ai,1000000,操作,userProfile.actions,ai,1000000,操作,userProfile.actions,ai,1000000
Change Password,userProfile.changePassword,ai,1000000,Cambiar contraseña,userProfile.changePassword,ai,1000000,Changer le mot de passe,userProfile.changePassword,ai,1000000,パスワードを変更,userProfile.changePassword,ai,1000000,變更密碼,userProfile.changePassword,ai,1000000,更改密碼,userProfile.changePassword,ai,1000000,更改密码,userProfile.changePassword,ai,1000000,變更密碼,userProfile.changePassword,ai,1000000
Change password functionality is not implemented yet.,userProfile.changePasswordNotImplemented,ai,1000000,La funcionalidad de cambio de contraseña aún no está implementada.,userProfile.changePasswordNotImplemented,ai,1000000,La fonctionnalité de changement de mot de passe n'est pas encore implémentée.,userProfile.changePasswordNotImplemented,ai,1000000,パスワード変更機能はまだ実装されていません。,userProfile.changePasswordNotImplemented,ai,1000000,變更密碼功能猶未提供。,userProfile.changePasswordNotImplemented,ai,1000000,更改密碼功能暫未提供。,userProfile.changePasswordNotImplemented,ai,1000000,更改密码功能尚未实现。,userProfile.changePasswordNotImplemented,ai,1000000,變更密碼功能尚未實現。,userProfile.changePasswordNotImplemented,ai,1000000
View and manage your account information,userProfile.description,ai,1000000,Ver y gestionar la información de tu cuenta,userProfile.description,ai,1000000,Afficher et gérer les informations de votre compte,userProfile.description,ai,1000000,アカウント情報を表示・管理する,userProfile.description,ai,1000000,查看佮管理汝个帳號資訊,userProfile.description,ai,1000000,查看同管理你嘅帳戶資料,userProfile.description,ai,1000000,查看和管理您的账户信息,userProfile.description,ai,1000000,檢視和管理您的帳戶資訊,userProfile.description,ai,1000000
Email address,userProfile.email,ai,1000000,Dirección de correo electrónico,userProfile.email,ai,1000000,Adresse e-mail,userProfile.email,ai,1000000,メールアドレス,userProfile.email,ai,1000000,電子信箱,userProfile.email,ai,1000000,電郵地址,userProfile.email,ai,1000000,邮箱地址,userProfile.email,ai,1000000,電子信箱,userProfile.email,ai,1000000
Failed to fetch user profile information.,userProfile.fetchFailed,ai,1000000,Error al obtener la información del perfil de usuario.,userProfile.fetchFailed,ai,1000000,Échec de la récupération des informations du profil utilisateur.,userProfile.fetchFailed,ai,1000000,ユーザープロファイル情報の取得に失敗しました。,userProfile.fetchFailed,ai,1000000,無法取得使用者資料。,userProfile.fetchFailed,ai,1000000,載入用戶資料失敗。,userProfile.fetchFailed,ai,1000000,获取用户资料信息失败。,userProfile.fetchFailed,ai,1000000,取得使用者資料失敗。,userProfile.fetchFailed,ai,1000000
Logout,userProfile.logout,ai,1000000,Cerrar sesión,userProfile.logout,ai,1000000,Se déconnecter,userProfile.logout,ai,1000000,ログアウト,userProfile.logout,ai,1000000,登出,userProfile.logout,ai,1000000,登出,userProfile.logout,ai,1000000,退出登录,userProfile.logout,ai,1000000,登出,userProfile.logout,ai,1000000
Logout failed. Please try again.,userProfile.logoutFailed,ai,1000000,"Error al cerrar sesión. Por favor, inténtalo de nuevo.",userProfile.logoutFailed,ai,1000000,Échec de la déconnexion. Veuillez réessayer.,userProfile.logoutFailed,ai,1000000,ログアウトに失敗しました。もう一度お試しください。,userProfile.logoutFailed,ai,1000000,登出失敗，請閣試看覓。,userProfile.logoutFailed,ai,1000000,登出失敗。請再試一次。,userProfile.logoutFailed,ai,1000000,退出登录失败。请重试。,userProfile.logoutFailed,ai,1000000,登出失敗。請重試。,userProfile.logoutFailed,ai,1000000
Member since,userProfile.memberSince,ai,1000000,Miembro desde,userProfile.memberSince,ai,1000000,Membre depuis,userProfile.memberSince,ai,1000000,メンバー登録日,userProfile.memberSince,ai,1000000,成員起算時間,userProfile.memberSince,ai,1000000,加入時間,userProfile.memberSince,ai,1000000,会员时间,userProfile.memberSince,ai,1000000,會員時間,userProfile.memberSince,ai,1000000
Role,userProfile.role,ai,1000000,Rol,userProfile.role,ai,1000000,Rôle,userProfile.role,ai,1000000,ロール,userProfile.role,ai,1000000,身分,userProfile.role,ai,1000000,角色,userProfile.role,ai,1000000,角色,userProfile.role,ai,1000000,角色,userProfile.role,ai,1000000
User Profile,userProfile.title,ai,1000000,Perfil del usuario,userProfile.title,ai,1000000,Profil utilisateur,userProfile.title,ai,1000000,ユーザープロファイル,userProfile.title,ai,1000000,使用者資料,userProfile.title,ai,1000000,用戶資料,userProfile.title,ai,1000000,用户资料,userProfile.title,ai,1000000,使用者資料,userProfile.title,ai,1000000
Username,userProfile.username,ai,1000000,Nombre de usuario,userProfile.username,ai,1000000,Nom d'utilisateur,userProfile.username,ai,1000000,ユーザー名,userProfile.username,ai,1000000,使用者名稱,userProfile.username,ai,1000000,用戶名稱,userProfile.username,ai,1000000,用户名,userProfile.username,ai,1000000,使用者名稱,userProfile.username,ai,1000000
Anonymous,versionHistory.anonymous,ai,1000000,Anónimo,versionHistory.anonymous,ai,1000000,Anonyme,versionHistory.anonymous,ai,1000000,匿名,versionHistory.anonymous,ai,1000000,匿名,versionHistory.anonymous,ai,1000000,匿名,versionHistory.anonymous,ai,1000000,匿名,versionHistory.anonymous,ai,1000000,匿名,versionHistory.anonymous,ai,1000000
Audio,versionHistory.audio,ai,1000000,Audio,versionHistory.audio,ai,1000000,Audio,versionHistory.audio,ai,1000000,オーディオ,versionHistory.audio,ai,1000000,聲音,versionHistory.audio,ai,1000000,聲音,versionHistory.audio,ai,1000000,音频,versionHistory.audio,ai,1000000,音訊,versionHistory.audio,ai,1000000
auto,versionHistory.auto,ai,1000000,automático,versionHistory.auto,ai,1000000,auto,versionHistory.auto,ai,1000000,自動,versionHistory.auto,ai,1000000,自動,versionHistory.auto,ai,1000000,自動,versionHistory.auto,ai,1000000,自动,versionHistory.auto,ai,1000000,自動,versionHistory.auto,ai,1000000
Changes,versionHistory.changes,ai,1000000,Cambios,versionHistory.changes,ai,1000000,Modifications,versionHistory.changes,ai,1000000,変更,versionHistory.changes,ai,1000000,修改紀錄,versionHistory.changes,ai,1000000,修改記錄,versionHistory.changes,ai,1000000,变更,versionHistory.changes,ai,1000000,變更,versionHistory.changes,ai,1000000
Current version of this expression,versionHistory.currentVersion,ai,1000000,Versión actual de esta expresión,versionHistory.currentVersion,ai,1000000,Version actuelle de cette expression,versionHistory.currentVersion,ai,1000000,この表現の現在のバージョン,versionHistory.currentVersion,ai,1000000,這是這條語詞當前个版本,versionHistory.currentVersion,ai,1000000,呢個係呢條詞句而家嘅版本,versionHistory.currentVersion,ai,1000000,这是该词句的当前版本,versionHistory.currentVersion,ai,1000000,這是該詞句的當前版本,versionHistory.currentVersion,ai,1000000
Loading versions...,versionHistory.loading,ai,1000000,Cargando versiones...,versionHistory.loading,ai,1000000,Chargement des versions...,versionHistory.loading,ai,1000000,バージョンを読み込み中...,versionHistory.loading,ai,1000000,版本載入中…,versionHistory.loading,ai,1000000,載入版本緊…,versionHistory.loading,ai,1000000,加载版本中...,versionHistory.loading,ai,1000000,載入版本中...,versionHistory.loading,ai,1000000
Location,versionHistory.location,ai,1000000,Ubicación,versionHistory.location,ai,1000000,Emplacement,versionHistory.location,ai,1000000,場所,versionHistory.location,ai,1000000,位置,versionHistory.location,ai,1000000,位置,versionHistory.location,ai,1000000,位置,versionHistory.location,ai,1000000,位置,versionHistory.location,ai,1000000
No versions available,versionHistory.noVersions,ai,1000000,No hay versiones disponibles,versionHistory.noVersions,ai,1000000,Aucune version disponible,versionHistory.noVersions,ai,1000000,利用可能なバージョンがありません,versionHistory.noVersions,ai,1000000,無適用个版本,versionHistory.noVersions,ai,1000000,冇可用嘅版本,versionHistory.noVersions,ai,1000000,无可用版本,versionHistory.noVersions,ai,1000000,無可用版本,versionHistory.noVersions,ai,1000000
none,versionHistory.none,ai,1000000,ninguno,versionHistory.none,ai,1000000,aucun,versionHistory.none,ai,1000000,なし,versionHistory.none,ai,1000000,無,versionHistory.none,ai,1000000,無,versionHistory.none,ai,1000000,无,versionHistory.none,ai,1000000,無,versionHistory.none,ai,1000000
Text,versionHistory.text,ai,1000000,Texto,versionHistory.text,ai,1000000,Texte,versionHistory.text,ai,1000000,テキスト,versionHistory.text,ai,1000000,文字,versionHistory.text,ai,1000000,文字,versionHistory.text,ai,1000000,文本,versionHistory.text,ai,1000000,文本,versionHistory.text,ai,1000000
Version History,versionHistory.title,ai,1000000,Historial de versiones,versionHistory.title,ai,1000000,Historique des versions,versionHistory.title,ai,1000000,バージョン履歴,versionHistory.title,ai,1000000,版本紀錄,versionHistory.title,ai,1000000,版本紀錄,versionHistory.title,ai,1000000,版本历史,versionHistory.title,ai,1000000,版本歷史,versionHistory.title,ai,1000000
